Year,Destination,Origin,Refugees,AsylumSeekers
2012,Afghanistan,Afghanistan,,
2012,Afghanistan,Syrian Arab Rep.,1,0
2012,Angola,Nigeria,,2
2012,Angola,Somalia,215,1086
2012,Angola,Syrian Arab Rep.,,1
2012,Albania,Syrian Arab Rep.,,3
2012,United Arab Emirates,Afghanistan,1,6
2012,United Arab Emirates,Somalia,19,17
2012,United Arab Emirates,Syrian Arab Rep.,16,14
2012,Argentina,Afghanistan,1,1
2012,Argentina,Nigeria,52,43
2012,Argentina,Somalia,5,2
2012,Argentina,Syrian Arab Rep.,40,9
2012,Armenia,Syrian Arab Rep.,136,340
2012,Australia,Afghanistan,7192,1074
2012,Australia,Nigeria,116,78
2012,Australia,Somalia,66,26
2012,Australia,Syrian Arab Rep.,204,74
2012,Austria,Afghanistan,10158,6203
2012,Austria,Nigeria,315,865
2012,Austria,Somalia,1915,798
2012,Austria,Syrian Arab Rep.,1675,694
2012,Azerbaijan,Afghanistan,576,82
2012,Azerbaijan,Syrian Arab Rep.,3,6
2012,Burundi,Somalia,20,13
2012,Belgium,Afghanistan,1267,1911
2012,Belgium,Nigeria,19,41
2012,Belgium,Somalia,288,288
2012,Belgium,South Sudan,,1
2012,Belgium,Syrian Arab Rep.,355,938
2012,Benin,Nigeria,43,4
2012,Benin,Syrian Arab Rep.,1,0
2012,Burkina Faso,Nigeria,,24
2012,Bangladesh,Somalia,12,
2012,Bulgaria,Afghanistan,368,0
2012,Bulgaria,Nigeria,10,0
2012,Bulgaria,Somalia,93,0
2012,Bulgaria,Syrian Arab Rep.,97,0
2012,Bahrain,Syrian Arab Rep.,,3
2012,Bahamas,Nigeria,1,
2012,Bosnia and Herzegovina,Syrian Arab Rep.,5,26
2012,Belarus,Afghanistan,409,41
2012,Belarus,Syrian Arab Rep.,,11
2012,Brazil,Afghanistan,28,2
2012,Brazil,Nigeria,37,75
2012,Brazil,Somalia,43,45
2012,Brazil,Syrian Arab Rep.,42,67
2012,Botswana,Somalia,445,78
2012,Canada,Afghanistan,2609,411
2012,Canada,Nigeria,3990,677
2012,Canada,Somalia,3459,387
2012,Canada,Syrian Arab Rep.,533,404
2012,Switzerland,Afghanistan,2099,2228
2012,Switzerland,Nigeria,92,801
2012,Switzerland,Somalia,4135,810
2012,Switzerland,South Sudan,,6
2012,Switzerland,Syrian Arab Rep.,1391,1692
2012,Chile,Afghanistan,12,
2012,Chile,Nigeria,3,
2012,Chile,Somalia,2,
2012,Chile,Syrian Arab Rep.,,5
2012,China,Afghanistan,7,
2012,China,Somalia,48,214
2012,Cote d'Ivoire,Afghanistan,13,
2012,Cote d'Ivoire,Nigeria,18,74
2012,Cameroon,Afghanistan,,1
2012,Cameroon,Nigeria,3223,1
2012,Cameroon,Somalia,1,0
2012,Cameroon,South Sudan,1,
2012,Cameroon,Syrian Arab Rep.,1,3
2012,Dem. Rep. of the Congo,Somalia,29,11
2012,Congo,Nigeria,3,
2012,Colombia,Afghanistan,2,0
2012,Colombia,Somalia,11,0
2012,Colombia,Syrian Arab Rep.,1,2
2012,Costa Rica,Afghanistan,2,
2012,Costa Rica,Nigeria,18,5
2012,Costa Rica,Somalia,15,4
2012,Costa Rica,Syrian Arab Rep.,,2
2012,Cuba,Syrian Arab Rep.,11,3
2012,Cayman Islands,Afghanistan,1,
2012,Cyprus,Afghanistan,7,48
2012,Cyprus,Nigeria,3,8
2012,Cyprus,Somalia,9,15
2012,Cyprus,Syrian Arab Rep.,139,946
2012,Czech Rep.,Afghanistan,241,14
2012,Czech Rep.,Nigeria,18,10
2012,Czech Rep.,Somalia,30,0
2012,Czech Rep.,Syrian Arab Rep.,54,70
2012,Germany,Afghanistan,31746,14357
2012,Germany,Nigeria,2833,1542
2012,Germany,Somalia,3634,1972
2012,Germany,South Sudan,6,22
2012,Germany,Syrian Arab Rep.,18165,5986
2012,Djibouti,Somalia,18289,35
2012,Denmark,Afghanistan,2515,361
2012,Denmark,Nigeria,13,33
2012,Denmark,Somalia,531,78
2012,Denmark,Syrian Arab Rep.,1903,115
2012,Dominican Rep.,Syrian Arab Rep.,7,0
2012,Algeria,Afghanistan,2,0
2012,Algeria,Nigeria,,118
2012,Algeria,Somalia,4,
2012,Algeria,Syrian Arab Rep.,,236
2012,Ecuador,Afghanistan,113,3
2012,Ecuador,Nigeria,25,11
2012,Ecuador,Somalia,7,0
2012,Ecuador,Syrian Arab Rep.,11,0
2012,Egypt,Afghanistan,1,9
2012,Egypt,Nigeria,1,157
2012,Egypt,Somalia,6250,1187
2012,Egypt,South Sudan,178,764
2012,Egypt,Syrian Arab Rep.,12836,0
2012,Eritrea,Somalia,3440,
2012,Eritrea,South Sudan,25,
2012,Spain,Afghanistan,92,35
2012,Spain,Nigeria,24,210
2012,Spain,Somalia,196,75
2012,Spain,Syrian Arab Rep.,32,320
2012,Estonia,Afghanistan,14,2
2012,Estonia,Somalia,4,0
2012,Ethiopia,Afghanistan,1,
2012,Ethiopia,Nigeria,2,
2012,Ethiopia,Somalia,223031,212
2012,Ethiopia,South Sudan,58715,21
2012,Finland,Afghanistan,1137,155
2012,Finland,Nigeria,95,65
2012,Finland,Somalia,2571,110
2012,Finland,Syrian Arab Rep.,218,110
2012,Fiji,Afghanistan,1,7
2012,Fiji,Nigeria,1,
2012,Fiji,Somalia,1,
2012,France,Afghanistan,2590,595
2012,France,Nigeria,889,466
2012,France,Somalia,1489,0
2012,France,Syrian Arab Rep.,640,0
2012,Gabon,Nigeria,,1
2012,Gabon,Somalia,4,2
2012,United Kingdom,Afghanistan,9845,1262
2012,United Kingdom,Nigeria,1166,983
2012,United Kingdom,Somalia,15134,475
2012,United Kingdom,Syrian Arab Rep.,1717,389
2012,Georgia,Afghanistan,3,1
2012,Georgia,Nigeria,,1
2012,Georgia,Syrian Arab Rep.,141,16
2012,Ghana,Nigeria,2,52
2012,Ghana,Somalia,21,27
2012,Ghana,Syrian Arab Rep.,,2
2012,Guinea,Nigeria,4,2
2012,Guinea,Somalia,2,
2012,Gambia,Somalia,5,0
2012,Guinea-Bissau,Nigeria,,7
2012,Greece,Afghanistan,343,0
2012,Greece,Nigeria,49,0
2012,Greece,Somalia,38,0
2012,Greece,Syrian Arab Rep.,20,0
2012,Hong Kong,Afghanistan,7,4
2012,Hong Kong,Nigeria,,14
2012,Hong Kong,Somalia,21,59
2012,Hong Kong,Syrian Arab Rep.,,1
2012,Croatia,Afghanistan,19,128
2012,Croatia,Nigeria,1,1
2012,Croatia,Somalia,,61
2012,Croatia,Syrian Arab Rep.,12,40
2012,Hungary,Afghanistan,1131,0
2012,Hungary,Nigeria,60,0
2012,Hungary,Somalia,431,0
2012,Hungary,Syrian Arab Rep.,86,0
2012,Indonesia,Afghanistan,890,2995
2012,Indonesia,Nigeria,,1
2012,Indonesia,Somalia,160,206
2012,Indonesia,Syrian Arab Rep.,5,48
2012,India,Afghanistan,9633,571
2012,India,Nigeria,,2
2012,India,Somalia,739,35
2012,India,Syrian Arab Rep.,6,5
2012,Ireland,Afghanistan,181,210
2012,Ireland,Nigeria,540,705
2012,Ireland,Somalia,505,172
2012,Ireland,Syrian Arab Rep.,38,15
2012,Iran (Islamic Rep. of),Afghanistan,824087,13
2012,Iraq,Afghanistan,2,33
2012,Iraq,Somalia,2,2
2012,Iraq,Syrian Arab Rep.,63586,1185
2012,Iceland,Afghanistan,6,9
2012,Iceland,Nigeria,,16
2012,Iceland,Somalia,5,2
2012,Iceland,Syrian Arab Rep.,2,2
2012,Israel,Nigeria,,6
2012,Israel,Somalia,1,2
2012,Israel,South Sudan,100,13
2012,Italy,Afghanistan,5058,1162
2012,Italy,Nigeria,2964,1682
2012,Italy,Somalia,9284,494
2012,Italy,South Sudan,55,0
2012,Italy,Syrian Arab Rep.,445,507
2012,Jordan,Afghanistan,12,12
2012,Jordan,Somalia,318,144
2012,Jordan,Syrian Arab Rep.,238798,491
2012,Japan,Afghanistan,34,2
2012,Japan,Nigeria,,107
2012,Japan,Somalia,2,
2012,Japan,Syrian Arab Rep.,,18
2012,Kazakhstan,Afghanistan,525,35
2012,Kazakhstan,Somalia,1,
2012,Kazakhstan,Syrian Arab Rep.,,12
2012,Kenya,Afghanistan,2,
2012,Kenya,Nigeria,2,13
2012,Kenya,Somalia,512069,1223
2012,Kenya,South Sudan,16774,17830
2012,Kyrgyzstan,Afghanistan,377,150
2012,Kyrgyzstan,Syrian Arab Rep.,7,34
2012,Cambodia,Somalia,8,
2012,Cambodia,Syrian Arab Rep.,,1
2012,Rep. of Korea,Afghanistan,10,22
2012,Rep. of Korea,Nigeria,6,116
2012,Rep. of Korea,Somalia,3,2
2012,Rep. of Korea,Syrian Arab Rep.,,146
2012,Kuwait,Somalia,121,192
2012,Kuwait,Syrian Arab Rep.,15,8
2012,Lebanon,Afghanistan,12,16
2012,Lebanon,Nigeria,,1
2012,Lebanon,Somalia,24,8
2012,Lebanon,Syrian Arab Rep.,126939,242
2012,Liberia,Nigeria,1,12
2012,Liberia,Somalia,1,1
2012,Libya,Somalia,165,591
2012,Libya,Syrian Arab Rep.,,3794
2012,Liechtenstein,Somalia,23,0
2012,Sri Lanka,Afghanistan,5,1
2012,Sri Lanka,Nigeria,,1
2012,Sri Lanka,Syrian Arab Rep.,1,
2012,Lithuania,Afghanistan,136,16
2012,Lithuania,Nigeria,4,0
2012,Lithuania,Somalia,22,
2012,Lithuania,Syrian Arab Rep.,5,5
2012,Latvia,Afghanistan,28,3
2012,Latvia,Nigeria,1,
2012,Latvia,Somalia,7,
2012,Latvia,Syrian Arab Rep.,17,15
2012,Macao,Afghanistan,,1
2012,Macao,Syrian Arab Rep.,,1
2012,Morocco,Afghanistan,,1
2012,Morocco,Nigeria,5,237
2012,Morocco,Somalia,7,4
2012,Morocco,Syrian Arab Rep.,,842
2012,Rep. of Moldova,Afghanistan,14,2
2012,Rep. of Moldova,Nigeria,1,2
2012,Rep. of Moldova,Somalia,1,
2012,Rep. of Moldova,Syrian Arab Rep.,55,33
2012,Mexico,Afghanistan,2,6
2012,Mexico,Nigeria,3,15
2012,Mexico,Somalia,,1
2012,Mexico,Syrian Arab Rep.,2,0
2012,The former Yugoslav Republic of Macedonia,Afghanistan,,216
2012,The former Yugoslav Republic of Macedonia,Nigeria,,5
2012,The former Yugoslav Republic of Macedonia,Somalia,,65
2012,The former Yugoslav Republic of Macedonia,Syrian Arab Rep.,,1
2012,Malta,Nigeria,11,47
2012,Malta,Somalia,5041,198
2012,Malta,Syrian Arab Rep.,191,139
2012,Montenegro,Syrian Arab Rep.,,7
2012,Mongolia,Afghanistan,,3
2012,Mozambique,Afghanistan,1,1
2012,Mozambique,Somalia,89,1134
2012,Mauritania,Nigeria,,14
2012,Mauritania,Somalia,,1
2012,Malawi,Somalia,55,16
2012,Malaysia,Afghanistan,349,115
2012,Malaysia,Nigeria,2,12
2012,Malaysia,Somalia,929,265
2012,Malaysia,Syrian Arab Rep.,4,83
2012,Namibia,Somalia,4,10
2012,Namibia,South Sudan,,3
2012,Niger,Nigeria,,8
2012,Niger,Somalia,9,1
2012,Niger,Syrian Arab Rep.,,6
2012,Nigeria,Somalia,21,
2012,Nigeria,Syrian Arab Rep.,,1
2012,Netherlands,Afghanistan,6126,1473
2012,Netherlands,Nigeria,213,102
2012,Netherlands,Somalia,16286,1595
2012,Netherlands,Syrian Arab Rep.,1449,231
2012,Norway,Afghanistan,5984,958
2012,Norway,Nigeria,109,288
2012,Norway,Somalia,8870,1428
2012,Norway,South Sudan,2,3
2012,Norway,Syrian Arab Rep.,565,306
2012,Nepal,Afghanistan,2,
2012,Nepal,Somalia,50,1
2012,Nauru,Afghanistan,,66
2012,New Zealand,Afghanistan,29,15
2012,New Zealand,Nigeria,2,1
2012,New Zealand,Somalia,45,10
2012,New Zealand,Syrian Arab Rep.,41,3
2012,Oman,Syrian Arab Rep.,7,4
2012,Pakistan,Afghanistan,1637740,3220
2012,Pakistan,Somalia,517,25
2012,Pakistan,Syrian Arab Rep.,11,0
2012,Panama,Afghanistan,1,2
2012,Panama,Nigeria,10,23
2012,Panama,Somalia,1,105
2012,Peru,Nigeria,5,0
2012,Peru,Somalia,2,1
2012,Philippines,Afghanistan,4,0
2012,Philippines,Somalia,5,0
2012,Philippines,Syrian Arab Rep.,,5
2012,Palau,Somalia,,1
2012,Papua New Guinea,Afghanistan,1,13
2012,Papua New Guinea,Somalia,5,0
2012,Poland,Afghanistan,72,72
2012,Poland,Nigeria,17,6
2012,Poland,Somalia,48,9
2012,Poland,Syrian Arab Rep.,17,83
2012,Portugal,Afghanistan,6,3
2012,Portugal,Nigeria,11,16
2012,Portugal,Somalia,40,9
2012,Portugal,Syrian Arab Rep.,,9
2012,Paraguay,Nigeria,,1
2012,Qatar,Somalia,8,
2012,Qatar,Syrian Arab Rep.,8,1
2012,Romania,Afghanistan,125,2
2012,Romania,Nigeria,6,0
2012,Romania,Somalia,94,0
2012,Romania,Syrian Arab Rep.,152,10
2012,Russian Federation,Afghanistan,1300,348
2012,Russian Federation,Nigeria,,3
2012,Russian Federation,Somalia,4,2
2012,Russian Federation,Syrian Arab Rep.,53,91
2012,Rwanda,Somalia,3,1
2012,Saudi Arabia,Afghanistan,,7
2012,Saudi Arabia,Somalia,20,19
2012,Saudi Arabia,Syrian Arab Rep.,14,12
2012,Sudan,Nigeria,,1
2012,Sudan,Somalia,372,103
2012,Sudan,South Sudan,,1
2012,Sudan,Syrian Arab Rep.,,32
2012,Senegal,Nigeria,7,355
2012,Senegal,Somalia,1,10
2012,Somalia,Somalia,,
2012,Serbia and Kosovo (S/RES/1244 (1999)),Afghanistan,,81
2012,Serbia and Kosovo (S/RES/1244 (1999)),Somalia,1,46
2012,Serbia and Kosovo (S/RES/1244 (1999)),Syrian Arab Rep.,,49
2012,South Sudan,South Sudan,,
2012,Suriname,Nigeria,,2
2012,Slovakia,Afghanistan,209,0
2012,Slovakia,Nigeria,1,
2012,Slovakia,Somalia,161,0
2012,Slovakia,Syrian Arab Rep.,24,0
2012,Slovenia,Afghanistan,18,18
2012,Slovenia,Nigeria,1,2
2012,Slovenia,Somalia,20,11
2012,Slovenia,Syrian Arab Rep.,2,8
2012,Sweden,Afghanistan,8454,2353
2012,Sweden,Nigeria,178,339
2012,Sweden,Somalia,19416,2563
2012,Sweden,Syrian Arab Rep.,6051,3751
2012,Swaziland,Somalia,22,58
2012,Syrian Arab Rep.,Afghanistan,1737,193
2012,Syrian Arab Rep.,Nigeria,,3
2012,Syrian Arab Rep.,Somalia,2217,74
2012,Syrian Arab Rep.,South Sudan,14,17
2012,Syrian Arab Rep.,Syrian Arab Rep.,,
2012,Chad,Afghanistan,1,
2012,Chad,Nigeria,,1
2012,Chad,Somalia,12,22
2012,Chad,Syrian Arab Rep.,4,0
2012,Togo,Nigeria,19,13
2012,Togo,Somalia,1,
2012,Togo,Syrian Arab Rep.,1,8
2012,Thailand,Afghanistan,,9
2012,Thailand,Nigeria,,2
2012,Thailand,Somalia,136,16
2012,Thailand,Syrian Arab Rep.,10,60
2012,Tajikistan,Afghanistan,2196,2122
2012,Turkmenistan,Afghanistan,19,
2012,Trinidad and Tobago,Nigeria,,1
2012,Tunisia,Somalia,510,0
2012,Tunisia,Syrian Arab Rep.,6,30
2012,Turkey,Afghanistan,3517,14587
2012,Turkey,Nigeria,3,37
2012,Turkey,Somalia,1669,389
2012,Turkey,Syrian Arab Rep.,248466,200
2012,United Rep. of Tanzania,Somalia,2105,6
2012,United Rep. of Tanzania,Syrian Arab Rep.,,1
2012,Uganda,Somalia,19000,8143
2012,Uganda,South Sudan,11135,
2012,Uganda,Syrian Arab Rep.,,1
2012,Ukraine,Afghanistan,1480,2105
2012,Ukraine,Nigeria,3,78
2012,Ukraine,Somalia,112,268
2012,Ukraine,Syrian Arab Rep.,63,453
2012,Uruguay,Nigeria,13,0
2012,Uruguay,Somalia,3,
2012,United States of America,Afghanistan,1017,130
2012,United States of America,Nigeria,719,65
2012,United States of America,Somalia,2412,0
2012,United States of America,South Sudan,4,0
2012,United States of America,Syrian Arab Rep.,1425,367
2012,Uzbekistan,Afghanistan,173,
2012,Venezuela (Bolivarian Republic of),Afghanistan,4,
2012,Venezuela (Bolivarian Republic of),Nigeria,4,15
2012,Venezuela (Bolivarian Republic of),Somalia,,9
2012,Yemen,Nigeria,,5
2012,Yemen,Somalia,226909,
2012,Yemen,Syrian Arab Rep.,42,131
2012,South Africa,Afghanistan,20,0
2012,South Africa,Nigeria,34,3456
2012,South Africa,Somalia,17864,5526
2012,South Africa,Syrian Arab Rep.,2,8
2012,Zambia,Somalia,2177,377
2012,Zimbabwe,Somalia,22,7
2013,Afghanistan,Afghanistan,,
2013,Angola,Nigeria,,3
2013,Angola,Somalia,215,1353
2013,Angola,Syrian Arab Rep.,,1
2013,Albania,Syrian Arab Rep.,,15
2013,United Arab Emirates,Afghanistan,,1
2013,United Arab Emirates,Somalia,23,8
2013,United Arab Emirates,Syrian Arab Rep.,16,14
2013,Argentina,Afghanistan,1,0
2013,Argentina,Nigeria,50,20
2013,Argentina,Somalia,5,0
2013,Argentina,Syrian Arab Rep.,159,12
2013,Armenia,Syrian Arab Rep.,11090,42
2013,Antigua and Barbuda,Syrian Arab Rep.,,1
2013,Australia,Afghanistan,8368,939
2013,Australia,Nigeria,132,103
2013,Australia,Somalia,67,39
2013,Australia,South Sudan,,1
2013,Australia,Syrian Arab Rep.,265,139
2013,Austria,Afghanistan,11906,6248
2013,Austria,Nigeria,346,837
2013,Austria,Somalia,2278,812
2013,Austria,South Sudan,3,19
2013,Austria,Syrian Arab Rep.,2748,1561
2013,Azerbaijan,Afghanistan,603,164
2013,Azerbaijan,Syrian Arab Rep.,9,6
2013,Burundi,Somalia,17,4
2013,Belgium,Afghanistan,4328,580
2013,Belgium,Nigeria,23,24
2013,Belgium,Somalia,559,238
2013,Belgium,Syrian Arab Rep.,1987,378
2013,Benin,Nigeria,,0
2013,Benin,Syrian Arab Rep.,1,0
2013,Burkina Faso,Nigeria,,24
2013,Bangladesh,Somalia,12,
2013,Bulgaria,Afghanistan,268,584
2013,Bulgaria,Nigeria,8,17
2013,Bulgaria,Somalia,86,65
2013,Bulgaria,Syrian Arab Rep.,2104,2500
2013,Bahamas,Nigeria,1,
2013,Bosnia and Herzegovina,Afghanistan,,6
2013,Bosnia and Herzegovina,Somalia,,1
2013,Bosnia and Herzegovina,Syrian Arab Rep.,48,18
2013,Belarus,Afghanistan,405,39
2013,Belarus,Somalia,,1
2013,Belarus,Syrian Arab Rep.,35,25
2013,Bolivia (Plurinational State of),Syrian Arab Rep.,3,0
2013,Brazil,Afghanistan,41,7
2013,Brazil,Nigeria,55,153
2013,Brazil,Somalia,45,99
2013,Brazil,Syrian Arab Rep.,333,70
2013,Barbados,Syrian Arab Rep.,1,0
2013,Botswana,Somalia,450,45
2013,Botswana,South Sudan,1,
2013,Canada,Afghanistan,2700,385
2013,Canada,Nigeria,4441,691
2013,Canada,Somalia,3225,306
2013,Canada,Syrian Arab Rep.,592,435
2013,Switzerland,Afghanistan,2578,2190
2013,Switzerland,Nigeria,113,328
2013,Switzerland,Somalia,4101,820
2013,Switzerland,South Sudan,,9
2013,Switzerland,Syrian Arab Rep.,2012,2849
2013,Chile,Afghanistan,14,0
2013,Chile,Nigeria,3,
2013,Chile,Somalia,2,
2013,Chile,Syrian Arab Rep.,5,5
2013,China,Afghanistan,7,
2013,China,Nigeria,,59
2013,China,Somalia,82,199
2013,China,Syrian Arab Rep.,,1
2013,Cote d'Ivoire,Afghanistan,1,
2013,Cote d'Ivoire,Nigeria,19,84
2013,Cote d'Ivoire,Syrian Arab Rep.,2,12
2013,Cameroon,Nigeria,7459,10
2013,Cameroon,Somalia,1,
2013,Cameroon,South Sudan,3,1
2013,Cameroon,Syrian Arab Rep.,1,7
2013,Dem. Rep. of the Congo,Somalia,30,88
2013,Dem. Rep. of the Congo,Syrian Arab Rep.,,2
2013,Congo,Nigeria,3,
2013,Colombia,Afghanistan,2,
2013,Colombia,Somalia,11,0
2013,Colombia,Syrian Arab Rep.,2,1
2013,Costa Rica,Afghanistan,2,
2013,Costa Rica,Nigeria,28,5
2013,Costa Rica,Somalia,15,6
2013,Costa Rica,Syrian Arab Rep.,1,4
2013,Cuba,Somalia,1,0
2013,Cuba,Syrian Arab Rep.,24,0
2013,Curacao,Syrian Arab Rep.,1,
2013,Cayman Islands,Afghanistan,2,
2013,Cyprus,Afghanistan,7,21
2013,Cyprus,Nigeria,5,20
2013,Cyprus,Somalia,11,47
2013,Cyprus,Syrian Arab Rep.,316,1319
2013,Czech Rep.,Afghanistan,238,10
2013,Czech Rep.,Nigeria,13,21
2013,Czech Rep.,Somalia,29,
2013,Czech Rep.,Syrian Arab Rep.,149,25
2013,Germany,Afghanistan,24203,16148
2013,Germany,Nigeria,720,2893
2013,Germany,Somalia,3512,4803
2013,Germany,South Sudan,7,32
2013,Germany,Syrian Arab Rep.,21253,10566
2013,Djibouti,Somalia,19169,45
2013,Djibouti,Syrian Arab Rep.,,1
2013,Denmark,Afghanistan,2139,209
2013,Denmark,Nigeria,14,35
2013,Denmark,Somalia,798,357
2013,Denmark,Syrian Arab Rep.,3271,86
2013,Dominican Rep.,Syrian Arab Rep.,3,
2013,Algeria,Afghanistan,2,
2013,Algeria,Nigeria,2,17
2013,Algeria,Somalia,4,
2013,Algeria,Syrian Arab Rep.,,1080
2013,Ecuador,Afghanistan,112,3
2013,Ecuador,Nigeria,25,6
2013,Ecuador,Somalia,7,0
2013,Ecuador,Syrian Arab Rep.,11,4
2013,Egypt,Afghanistan,1,29
2013,Egypt,Nigeria,1,437
2013,Egypt,Somalia,6316,1781
2013,Egypt,South Sudan,299,1518
2013,Egypt,Syrian Arab Rep.,131659,
2013,Eritrea,Somalia,3054,
2013,Eritrea,South Sudan,16,
2013,Spain,Afghanistan,114,78
2013,Spain,Nigeria,22,124
2013,Spain,Somalia,284,76
2013,Spain,Syrian Arab Rep.,180,743
2013,Estonia,Afghanistan,15,1
2013,Estonia,Nigeria,,1
2013,Estonia,Somalia,4,
2013,Estonia,Syrian Arab Rep.,2,10
2013,Ethiopia,Afghanistan,1,
2013,Ethiopia,Nigeria,3,
2013,Ethiopia,Somalia,240825,7
2013,Ethiopia,South Sudan,71506,27
2013,Finland,Afghanistan,1357,90
2013,Finland,Nigeria,115,106
2013,Finland,Somalia,2744,95
2013,Finland,South Sudan,1,0
2013,Finland,Syrian Arab Rep.,352,77
2013,Fiji,Afghanistan,,7
2013,Fiji,Nigeria,1,
2013,Fiji,Somalia,1,
2013,France,Afghanistan,3213,601
2013,France,Nigeria,988,1578
2013,France,Somalia,1674,408
2013,France,Syrian Arab Rep.,1474,343
2013,Gabon,Nigeria,,1
2013,Gabon,Somalia,4,2
2013,United Kingdom,Afghanistan,9166,1430
2013,United Kingdom,Nigeria,1244,1251
2013,United Kingdom,Somalia,11249,503
2013,United Kingdom,South Sudan,,1
2013,United Kingdom,Syrian Arab Rep.,3169,641
2013,Georgia,Afghanistan,3,0
2013,Georgia,Nigeria,,5
2013,Georgia,Syrian Arab Rep.,516,26
2013,Ghana,Nigeria,3,17
2013,Ghana,Somalia,26,33
2013,Ghana,Syrian Arab Rep.,1,55
2013,Guinea,Nigeria,4,
2013,Guinea,Somalia,2,
2013,Gambia,Somalia,5,0
2013,Guinea-Bissau,Nigeria,,7
2013,Greece,Afghanistan,632,3393
2013,Greece,Nigeria,103,1838
2013,Greece,Somalia,82,467
2013,Greece,South Sudan,,2
2013,Greece,Syrian Arab Rep.,195,1665
2013,Hong Kong,Afghanistan,3,6
2013,Hong Kong,Nigeria,,39
2013,Hong Kong,Somalia,22,61
2013,Hong Kong,Syrian Arab Rep.,,2
2013,Croatia,Afghanistan,20,11
2013,Croatia,Nigeria,1,27
2013,Croatia,Somalia,5,10
2013,Croatia,Syrian Arab Rep.,22,37
2013,Hungary,Afghanistan,749,697
2013,Hungary,Nigeria,24,78
2013,Hungary,Somalia,446,42
2013,Hungary,Syrian Arab Rep.,141,184
2013,Indonesia,Afghanistan,1128,2806
2013,Indonesia,Nigeria,,1
2013,Indonesia,Somalia,294,314
2013,Indonesia,Syrian Arab Rep.,36,43
2013,India,Afghanistan,10328,1049
2013,India,Nigeria,,33
2013,India,Somalia,729,30
2013,India,Syrian Arab Rep.,18,12
2013,Ireland,Afghanistan,129,173
2013,Ireland,Nigeria,477,845
2013,Ireland,Somalia,559,97
2013,Ireland,Syrian Arab Rep.,71,15
2013,Iran (Islamic Rep. of),Afghanistan,814015,37
2013,Iraq,Afghanistan,5,123
2013,Iraq,Somalia,1,7
2013,Iraq,Syrian Arab Rep.,212809,1164
2013,Iceland,Afghanistan,6,15
2013,Iceland,Nigeria,,20
2013,Iceland,Somalia,5,8
2013,Iceland,Syrian Arab Rep.,7,11
2013,Israel,Nigeria,4,0
2013,Israel,South Sudan,100,0
2013,Israel,Syrian Arab Rep.,1,
2013,Italy,Afghanistan,6657,1024
2013,Italy,Nigeria,4192,1932
2013,Italy,Somalia,10846,1353
2013,Italy,South Sudan,55,0
2013,Italy,Syrian Arab Rep.,840,278
2013,Jamaica,Syrian Arab Rep.,2,0
2013,Jordan,Afghanistan,7,12
2013,Jordan,Nigeria,,1
2013,Jordan,Somalia,486,240
2013,Jordan,Syrian Arab Rep.,585304,0
2013,Japan,Afghanistan,34,2
2013,Japan,Nigeria,,180
2013,Japan,Somalia,3,
2013,Japan,Syrian Arab Rep.,26,0
2013,Kazakhstan,Afghanistan,537,32
2013,Kazakhstan,Somalia,1,
2013,Kazakhstan,Syrian Arab Rep.,7,22
2013,Kenya,Afghanistan,5,0
2013,Kenya,Nigeria,2,15
2013,Kenya,Somalia,475304,2120
2013,Kenya,South Sudan,19930,26246
2013,Kyrgyzstan,Afghanistan,405,147
2013,Kyrgyzstan,Syrian Arab Rep.,14,78
2013,Cambodia,Somalia,1,
2013,Cambodia,Syrian Arab Rep.,,1
2013,Rep. of Korea,Afghanistan,10,18
2013,Rep. of Korea,Nigeria,7,280
2013,Rep. of Korea,Somalia,3,0
2013,Rep. of Korea,Syrian Arab Rep.,,431
2013,Kuwait,Somalia,119,519
2013,Kuwait,Syrian Arab Rep.,13,8
2013,Lebanon,Afghanistan,16,14
2013,Lebanon,Nigeria,1,0
2013,Lebanon,Somalia,33,11
2013,Lebanon,Syrian Arab Rep.,851284,331
2013,Liberia,Nigeria,1,10
2013,Liberia,Somalia,1,1
2013,Liberia,Syrian Arab Rep.,,8
2013,Libya,Afghanistan,,1
2013,Libya,Nigeria,,1
2013,Libya,Somalia,167,1830
2013,Libya,Syrian Arab Rep.,16796,
2013,Saint Lucia,Syrian Arab Rep.,1,0
2013,Liechtenstein,Somalia,26,3
2013,Sri Lanka,Afghanistan,,23
2013,Sri Lanka,Somalia,,1
2013,Lithuania,Afghanistan,154,24
2013,Lithuania,Nigeria,4,1
2013,Lithuania,Somalia,22,
2013,Lithuania,Syrian Arab Rep.,18,3
2013,Luxembourg,Afghanistan,27,7
2013,Luxembourg,Nigeria,4,85
2013,Luxembourg,Somalia,20,17
2013,Luxembourg,Syrian Arab Rep.,5,23
2013,Latvia,Afghanistan,28,1
2013,Latvia,Nigeria,1,1
2013,Latvia,Somalia,7,0
2013,Latvia,Syrian Arab Rep.,33,12
2013,Macao,Afghanistan,,1
2013,Macao,Syrian Arab Rep.,,1
2013,Morocco,Afghanistan,1,0
2013,Morocco,Nigeria,5,764
2013,Morocco,Somalia,1,41
2013,Morocco,Syrian Arab Rep.,856,0
2013,Rep. of Moldova,Afghanistan,10,13
2013,Rep. of Moldova,Nigeria,2,2
2013,Rep. of Moldova,Somalia,1,
2013,Rep. of Moldova,Syrian Arab Rep.,139,27
2013,Mexico,Afghanistan,2,6
2013,Mexico,Nigeria,18,39
2013,Mexico,Somalia,,3
2013,Mexico,Syrian Arab Rep.,13,0
2013,The former Yugoslav Republic of Macedonia,Afghanistan,1,361
2013,The former Yugoslav Republic of Macedonia,Nigeria,,22
2013,The former Yugoslav Republic of Macedonia,Somalia,,84
2013,The former Yugoslav Republic of Macedonia,Syrian Arab Rep.,,205
2013,Mali,Nigeria,,2
2013,Malta,Nigeria,21,50
2013,Malta,Somalia,5543,370
2013,Malta,South Sudan,,1
2013,Malta,Syrian Arab Rep.,776,102
2013,Montenegro,Afghanistan,,2
2013,Montenegro,Nigeria,,9
2013,Montenegro,Somalia,,4
2013,Montenegro,Syrian Arab Rep.,,60
2013,Mongolia,Afghanistan,1,0
2013,Mongolia,Syrian Arab Rep.,,3
2013,Mozambique,Afghanistan,1,1
2013,Mozambique,Somalia,88,1596
2013,Mauritania,Nigeria,,24
2013,Mauritania,Somalia,1,0
2013,Mauritania,Syrian Arab Rep.,5,41
2013,Malawi,Somalia,49,14
2013,Malaysia,Afghanistan,187,138
2013,Malaysia,Nigeria,2,6
2013,Malaysia,Somalia,930,193
2013,Malaysia,Syrian Arab Rep.,101,720
2013,Namibia,Nigeria,,3
2013,Namibia,Somalia,7,10
2013,Namibia,South Sudan,2,6
2013,Niger,Nigeria,8385,8
2013,Niger,Somalia,9,0
2013,Niger,Syrian Arab Rep.,6,1
2013,Nigeria,Afghanistan,5,0
2013,Nigeria,Somalia,2,
2013,Nigeria,Syrian Arab Rep.,9,10
2013,Netherlands,Afghanistan,6269,0
2013,Netherlands,Nigeria,225,0
2013,Netherlands,Somalia,18799,0
2013,Netherlands,Syrian Arab Rep.,3404,0
2013,Norway,Afghanistan,5523,659
2013,Norway,Nigeria,176,168
2013,Norway,Somalia,9275,784
2013,Norway,South Sudan,2,9
2013,Norway,Syrian Arab Rep.,1311,259
2013,Nepal,Afghanistan,2,14
2013,Nepal,Somalia,33,0
2013,Nauru,Afghanistan,,72
2013,New Zealand,Afghanistan,32,2
2013,New Zealand,Nigeria,2,0
2013,New Zealand,Somalia,35,0
2013,New Zealand,Syrian Arab Rep.,43,7
2013,Oman,Syrian Arab Rep.,7,4
2013,Pakistan,Afghanistan,1615876,5323
2013,Pakistan,Somalia,456,29
2013,Pakistan,Syrian Arab Rep.,13,0
2013,Panama,Afghanistan,1,9
2013,Panama,Nigeria,10,33
2013,Panama,Somalia,1,104
2013,Peru,Nigeria,9,2
2013,Peru,Somalia,2,1
2013,Peru,Syrian Arab Rep.,3,0
2013,Philippines,Afghanistan,5,0
2013,Philippines,Somalia,8,3
2013,Philippines,Syrian Arab Rep.,7,21
2013,Papua New Guinea,Afghanistan,1,51
2013,Papua New Guinea,Somalia,5,
2013,Poland,Afghanistan,88,49
2013,Poland,Nigeria,18,3
2013,Poland,Somalia,54,26
2013,Poland,Syrian Arab Rep.,108,100
2013,Portugal,Afghanistan,9,2
2013,Portugal,Nigeria,18,7
2013,Portugal,Somalia,44,6
2013,Portugal,Syrian Arab Rep.,14,8
2013,Qatar,Somalia,8,
2013,Qatar,Syrian Arab Rep.,8,0
2013,Romania,Afghanistan,106,19
2013,Romania,Nigeria,7,0
2013,Romania,Somalia,18,0
2013,Romania,Syrian Arab Rep.,932,91
2013,Russian Federation,Afghanistan,1117,209
2013,Russian Federation,Syrian Arab Rep.,1163,839
2013,Rwanda,Somalia,3,1
2013,Saudi Arabia,Afghanistan,,7
2013,Saudi Arabia,Somalia,20,19
2013,Saudi Arabia,Syrian Arab Rep.,14,12
2013,Sudan,Nigeria,,1
2013,Sudan,Somalia,753,104
2013,Sudan,South Sudan,,2
2013,Sudan,Syrian Arab Rep.,84,224
2013,Senegal,Nigeria,7,353
2013,Senegal,Somalia,1,9
2013,Senegal,Syrian Arab Rep.,,4
2013,Sierra Leone,Nigeria,,1
2013,Somalia,Somalia,,
2013,Somalia,Syrian Arab Rep.,,8
2013,Serbia and Kosovo (S/RES/1244 (1999)),Afghanistan,,21
2013,Serbia and Kosovo (S/RES/1244 (1999)),Nigeria,,38
2013,Serbia and Kosovo (S/RES/1244 (1999)),Somalia,1,33
2013,Serbia and Kosovo (S/RES/1244 (1999)),Syrian Arab Rep.,3,60
2013,South Sudan,South Sudan,,
2013,South Sudan,Syrian Arab Rep.,,1
2013,Slovakia,Afghanistan,225,0
2013,Slovakia,Nigeria,1,0
2013,Slovakia,Somalia,168,0
2013,Slovakia,Syrian Arab Rep.,26,0
2013,Slovenia,Afghanistan,22,3
2013,Slovenia,Nigeria,1,1
2013,Slovenia,Somalia,23,0
2013,Slovenia,Syrian Arab Rep.,9,2
2013,Sweden,Afghanistan,10499,1698
2013,Sweden,Nigeria,257,362
2013,Sweden,Somalia,20613,1911
2013,Sweden,South Sudan,,1
2013,Sweden,Syrian Arab Rep.,17984,6808
2013,Swaziland,Somalia,22,78
2013,Syrian Arab Rep.,Afghanistan,1141,158
2013,Syrian Arab Rep.,Nigeria,,5
2013,Syrian Arab Rep.,Somalia,1007,33
2013,Syrian Arab Rep.,South Sudan,31,54
2013,Syrian Arab Rep.,Syrian Arab Rep.,,
2013,Chad,Afghanistan,1,
2013,Chad,Nigeria,553,0
2013,Chad,Somalia,12,23
2013,Chad,Syrian Arab Rep.,15,2
2013,Togo,Nigeria,8,8
2013,Togo,Syrian Arab Rep.,,1
2013,Thailand,Afghanistan,8,10
2013,Thailand,Nigeria,,3
2013,Thailand,Somalia,72,83
2013,Thailand,Syrian Arab Rep.,44,144
2013,Tajikistan,Afghanistan,2004,2253
2013,Turkmenistan,Afghanistan,19,
2013,Trinidad and Tobago,Syrian Arab Rep.,1,0
2013,Tunisia,Somalia,139,11
2013,Tunisia,Syrian Arab Rep.,164,
2013,Turkey,Afghanistan,3926,22330
2013,Turkey,Nigeria,3,104
2013,Turkey,Somalia,2153,879
2013,Turkey,Syrian Arab Rep.,585601,110
2013,United Rep. of Tanzania,Somalia,2136,0
2013,United Rep. of Tanzania,Syrian Arab Rep.,,6
2013,Uganda,Somalia,13144,5390
2013,Uganda,South Sudan,22510,2755
2013,Uganda,Syrian Arab Rep.,,8
2013,Ukraine,Afghanistan,1494,2260
2013,Ukraine,Nigeria,4,80
2013,Ukraine,Somalia,116,259
2013,Ukraine,Syrian Arab Rep.,167,591
2013,Uruguay,Nigeria,11,
2013,Uruguay,Somalia,3,
2013,Uruguay,Syrian Arab Rep.,,1
2013,United States of America,Afghanistan,1071,238
2013,United States of America,Nigeria,733,424
2013,United States of America,Somalia,2310,329
2013,United States of America,South Sudan,4,1
2013,United States of America,Syrian Arab Rep.,3802,1378
2013,Uzbekistan,Afghanistan,138,
2013,Venezuela (Bolivarian Republic of),Afghanistan,4,
2013,Venezuela (Bolivarian Republic of),Nigeria,4,15
2013,Venezuela (Bolivarian Republic of),Somalia,,9
2013,Yemen,Nigeria,,5
2013,Yemen,Somalia,230506,
2013,Yemen,Syrian Arab Rep.,54,1761
2013,South Africa,Afghanistan,20,1
2013,South Africa,Nigeria,34,4542
2013,South Africa,Somalia,20818,3665
2013,South Africa,Syrian Arab Rep.,8,11
2013,Zambia,Afghanistan,1,0
2013,Zambia,Somalia,2216,176
2013,Zambia,Syrian Arab Rep.,,4
2013,Zimbabwe,Somalia,40,5
2014,Afghanistan,Afghanistan,0,0
2014,Angola,Nigeria,0,1
2014,Angola,Somalia,272,1752
2014,Albania,Syrian Arab Rep.,3,8
2014,United Arab Emirates,Afghanistan,3,0
2014,United Arab Emirates,Somalia,21,0
2014,United Arab Emirates,Syrian Arab Rep.,28,12
2014,Argentina,Afghanistan,5,1
2014,Argentina,Nigeria,55,16
2014,Argentina,Somalia,5,0
2014,Argentina,Syrian Arab Rep.,233,22
2014,Armenia,Syrian Arab Rep.,14994,9
2014,Australia,Afghanistan,7675,1347
2014,Australia,Nigeria,144,161
2014,Australia,Somalia,73,55
2014,Australia,South Sudan,0,4
2014,Australia,Syrian Arab Rep.,302,174
2014,Austria,Afghanistan,14793,6964
2014,Austria,Nigeria,370,1142
2014,Austria,Somalia,2641,1539
2014,Austria,South Sudan,4,17
2014,Austria,Syrian Arab Rep.,6653,4872
2014,Azerbaijan,Afghanistan,618,160
2014,Azerbaijan,Syrian Arab Rep.,7,7
2014,Burundi,Somalia,19,6
2014,Burundi,South Sudan,1,1
2014,Belgium,Afghanistan,5038,765
2014,Belgium,Nigeria,28,46
2014,Belgium,Somalia,625,282
2014,Belgium,Syrian Arab Rep.,2620,733
2014,Benin,Somalia,1,0
2014,Bangladesh,Somalia,6,3
2014,Bulgaria,Afghanistan,212,2633
2014,Bulgaria,Nigeria,0,12
2014,Bulgaria,Somalia,56,31
2014,Bulgaria,Syrian Arab Rep.,8501,2510
2014,Bahamas,Nigeria,1,0
2014,Bosnia and Herzegovina,Afghanistan,0,7
2014,Bosnia and Herzegovina,Somalia,1,0
2014,Bosnia and Herzegovina,Syrian Arab Rep.,25,2
2014,Belarus,Afghanistan,399,20
2014,Belarus,Somalia,1,0
2014,Belarus,Syrian Arab Rep.,72,48
2014,Bolivia (Plurinational State of),Nigeria,1,6
2014,Bolivia (Plurinational State of),Syrian Arab Rep.,6,0
2014,Brazil,Afghanistan,52,18
2014,Brazil,Nigeria,89,1232
2014,Brazil,Somalia,45,205
2014,Brazil,Syrian Arab Rep.,1739,76
2014,Barbados,Syrian Arab Rep.,1,0
2014,Botswana,Somalia,374,42
2014,Botswana,South Sudan,1,0
2014,Central African Rep.,Syrian Arab Rep.,0,8
2014,Canada,Afghanistan,2704,190
2014,Canada,Nigeria,4683,362
2014,Canada,Somalia,2821,204
2014,Canada,South Sudan,0,2
2014,Canada,Syrian Arab Rep.,705,184
2014,Switzerland,Afghanistan,4119,887
2014,Switzerland,Nigeria,142,281
2014,Switzerland,Somalia,4279,702
2014,Switzerland,South Sudan,0,15
2014,Switzerland,Syrian Arab Rep.,5161,3501
2014,Chile,Afghanistan,14,0
2014,Chile,Nigeria,3,0
2014,Chile,Somalia,2,0
2014,Chile,Syrian Arab Rep.,6,10
2014,China,Afghanistan,7,0
2014,China,Nigeria,0,119
2014,China,Somalia,120,76
2014,China,Syrian Arab Rep.,5,1
2014,Cote d'Ivoire,Afghanistan,1,1
2014,Cote d'Ivoire,Nigeria,19,86
2014,Cote d'Ivoire,Syrian Arab Rep.,3,16
2014,Cameroon,Nigeria,39968,41
2014,Cameroon,South Sudan,9,6
2014,Cameroon,Syrian Arab Rep.,2,11
2014,Dem. Rep. of the Congo,Nigeria,0,10
2014,Dem. Rep. of the Congo,Somalia,31,88
2014,Dem. Rep. of the Congo,South Sudan,1790,4
2014,Dem. Rep. of the Congo,Syrian Arab Rep.,0,2
2014,Congo,Nigeria,3,0
2014,Colombia,Afghanistan,2,0
2014,Colombia,Nigeria,0,1
2014,Colombia,Somalia,11,2
2014,Colombia,Syrian Arab Rep.,4,2
2014,Costa Rica,Afghanistan,2,0
2014,Costa Rica,Nigeria,28,8
2014,Costa Rica,Somalia,15,6
2014,Costa Rica,Syrian Arab Rep.,5,4
2014,Cuba,Afghanistan,5,6
2014,Cuba,Somalia,0,1
2014,Cuba,Syrian Arab Rep.,20,0
2014,Curacao,Syrian Arab Rep.,1,0
2014,Cayman Islands,Afghanistan,1,0
2014,Cyprus,Afghanistan,7,12
2014,Cyprus,Nigeria,8,18
2014,Cyprus,Somalia,33,34
2014,Cyprus,Syrian Arab Rep.,1451,1109
2014,Czech Rep.,Afghanistan,228,7
2014,Czech Rep.,Nigeria,10,13
2014,Czech Rep.,Somalia,22,0
2014,Czech Rep.,Syrian Arab Rep.,236,54
2014,Germany,Afghanistan,27814,19023
2014,Germany,Nigeria,867,5978
2014,Germany,Somalia,4205,8386
2014,Germany,South Sudan,11,50
2014,Germany,Syrian Arab Rep.,40994,29591
2014,Djibouti,Somalia,19720,62
2014,Djibouti,Syrian Arab Rep.,0,4
2014,Denmark,Afghanistan,2130,144
2014,Denmark,Nigeria,14,18
2014,Denmark,Somalia,1134,229
2014,Denmark,Syrian Arab Rep.,7253,1468
2014,Dominican Rep.,Afghanistan,0,4
2014,Dominican Rep.,Syrian Arab Rep.,1,1
2014,Algeria,Afghanistan,2,0
2014,Algeria,Nigeria,2,15
2014,Algeria,Somalia,1,0
2014,Algeria,Syrian Arab Rep.,0,4108
2014,Ecuador,Afghanistan,112,0
2014,Ecuador,Nigeria,25,0
2014,Ecuador,Somalia,7,0
2014,Ecuador,Syrian Arab Rep.,13,0
2014,Egypt,Afghanistan,2,26
2014,Egypt,Nigeria,5,779
2014,Egypt,Somalia,5733,1632
2014,Egypt,South Sudan,542,2467
2014,Egypt,Syrian Arab Rep.,138381,0
2014,Eritrea,Somalia,2758,0
2014,Eritrea,South Sudan,15,0
2014,Spain,Afghanistan,144,131
2014,Spain,Nigeria,15,88
2014,Spain,Somalia,374,84
2014,Spain,Syrian Arab Rep.,1336,781
2014,Estonia,Afghanistan,15,0
2014,Estonia,Nigeria,0,1
2014,Estonia,Somalia,4,0
2014,Estonia,Syrian Arab Rep.,6,4
2014,Ethiopia,Afghanistan,1,0
2014,Ethiopia,Nigeria,3,0
2014,Ethiopia,Somalia,245097,2683
2014,Ethiopia,South Sudan,251791,65
2014,Ethiopia,Syrian Arab Rep.,0,8
2014,Finland,Afghanistan,1443,133
2014,Finland,Nigeria,168,56
2014,Finland,Somalia,2817,271
2014,Finland,South Sudan,1,1
2014,Finland,Syrian Arab Rep.,438,55
2014,Fiji,Afghanistan,7,1
2014,Fiji,Nigeria,1,0
2014,Fiji,Somalia,1,0
2014,France,Afghanistan,3838,424
2014,France,Nigeria,1102,1867
2014,France,Somalia,1896,515
2014,France,South Sudan,1,1
2014,France,Syrian Arab Rep.,2882,1239
2014,Gabon,Somalia,3,0
2014,Gabon,Syrian Arab Rep.,0,1
2014,United Kingdom,Afghanistan,9054,1894
2014,United Kingdom,Nigeria,1471,1597
2014,United Kingdom,Somalia,8512,568
2014,United Kingdom,South Sudan,9,9
2014,United Kingdom,Syrian Arab Rep.,4573,1329
2014,Georgia,Afghanistan,3,10
2014,Georgia,Nigeria,1,0
2014,Georgia,Syrian Arab Rep.,471,34
2014,Ghana,Nigeria,9,13
2014,Ghana,Somalia,38,23
2014,Ghana,Syrian Arab Rep.,5,73
2014,Guinea,Nigeria,4,0
2014,Guinea,Somalia,5,0
2014,Gambia,Somalia,4,0
2014,Guinea-Bissau,Nigeria,0,7
2014,Greece,Afghanistan,1451,774
2014,Greece,Nigeria,185,254
2014,Greece,Somalia,163,52
2014,Greece,South Sudan,2,4
2014,Greece,Syrian Arab Rep.,3913,182
2014,Hong Kong,Afghanistan,3,6
2014,Hong Kong,Nigeria,0,46
2014,Hong Kong,Somalia,42,38
2014,Hong Kong,Syrian Arab Rep.,0,2
2014,Croatia,Afghanistan,21,7
2014,Croatia,Nigeria,5,11
2014,Croatia,Somalia,12,2
2014,Croatia,Syrian Arab Rep.,22,6
2014,Hungary,Afghanistan,819,2623
2014,Hungary,Nigeria,27,58
2014,Hungary,Somalia,496,33
2014,Hungary,Syrian Arab Rep.,334,823
2014,Indonesia,Afghanistan,1681,4174
2014,Indonesia,Nigeria,0,52
2014,Indonesia,Somalia,322,433
2014,Indonesia,Syrian Arab Rep.,43,43
2014,India,Afghanistan,10395,1305
2014,India,Nigeria,0,321
2014,India,Somalia,654,78
2014,India,Syrian Arab Rep.,27,18
2014,Ireland,Afghanistan,158,129
2014,Ireland,Nigeria,426,614
2014,Ireland,Somalia,503,58
2014,Ireland,Syrian Arab Rep.,176,11
2014,Iran (Islamic Rep. of),Afghanistan,950000,33
2014,Iraq,Afghanistan,5,131
2014,Iraq,Somalia,1,8
2014,Iraq,Syrian Arab Rep.,234196,1225
2014,Iceland,Afghanistan,11,10
2014,Iceland,Nigeria,0,15
2014,Iceland,Somalia,5,0
2014,Iceland,Syrian Arab Rep.,7,5
2014,Israel,Nigeria,4,0
2014,Israel,South Sudan,106,0
2014,Israel,Syrian Arab Rep.,1,0
2014,Italy,Afghanistan,8991,1778
2014,Italy,Nigeria,6293,7766
2014,Italy,Somalia,12213,431
2014,Italy,South Sudan,57,2
2014,Italy,Syrian Arab Rep.,1144,331
2014,Jamaica,Syrian Arab Rep.,3,0
2014,Jordan,Afghanistan,8,11
2014,Jordan,Nigeria,0,5
2014,Jordan,Somalia,598,197
2014,Jordan,South Sudan,6,4
2014,Jordan,Syrian Arab Rep.,623112,0
2014,Japan,Afghanistan,34,14
2014,Japan,Nigeria,0,156
2014,Japan,Somalia,3,0
2014,Japan,Syrian Arab Rep.,41,12
2014,Kazakhstan,Afghanistan,578,24
2014,Kazakhstan,Somalia,1,0
2014,Kazakhstan,Syrian Arab Rep.,14,28
2014,Kenya,Afghanistan,3,0
2014,Kenya,Nigeria,3,3
2014,Kenya,Somalia,424691,2621
2014,Kenya,South Sudan,89226,248
2014,Kenya,Syrian Arab Rep.,0,5
2014,Kyrgyzstan,Afghanistan,386,133
2014,Kyrgyzstan,Syrian Arab Rep.,56,17
2014,Cambodia,Somalia,1,0
2014,Cambodia,Syrian Arab Rep.,0,1
2014,Rep. of Korea,Afghanistan,16,33
2014,Rep. of Korea,Nigeria,8,350
2014,Rep. of Korea,Somalia,3,0
2014,Rep. of Korea,South Sudan,0,1
2014,Rep. of Korea,Syrian Arab Rep.,503,64
2014,Kuwait,Somalia,94,557
2014,Kuwait,Syrian Arab Rep.,15,7
2014,Lebanon,Afghanistan,19,19
2014,Lebanon,Nigeria,1,5
2014,Lebanon,Somalia,31,14
2014,Lebanon,South Sudan,24,41
2014,Lebanon,Syrian Arab Rep.,1147494,417
2014,Liberia,Nigeria,1,8
2014,Liberia,Somalia,1,1
2014,Liberia,Syrian Arab Rep.,6,2
2014,Libya,Afghanistan,0,1
2014,Libya,Nigeria,0,1
2014,Libya,Somalia,164,2168
2014,Libya,Syrian Arab Rep.,18653,0
2014,Saint Lucia,Syrian Arab Rep.,1,0
2014,Liechtenstein,Nigeria,0,1
2014,Liechtenstein,Somalia,28,21
2014,Liechtenstein,Syrian Arab Rep.,5,0
2014,Sri Lanka,Afghanistan,34,88
2014,Sri Lanka,Nigeria,0,2
2014,Sri Lanka,Somalia,1,0
2014,Sri Lanka,Syrian Arab Rep.,3,5
2014,Lithuania,Afghanistan,186,46
2014,Lithuania,Nigeria,4,0
2014,Lithuania,Somalia,22,0
2014,Lithuania,Syrian Arab Rep.,20,4
2014,Luxembourg,Afghanistan,35,16
2014,Luxembourg,Nigeria,5,61
2014,Luxembourg,Somalia,33,18
2014,Luxembourg,South Sudan,0,1
2014,Luxembourg,Syrian Arab Rep.,59,60
2014,Latvia,Afghanistan,28,12
2014,Latvia,Nigeria,2,0
2014,Latvia,Somalia,7,1
2014,Latvia,Syrian Arab Rep.,52,17
2014,Macao,Afghanistan,0,1
2014,Macao,Syrian Arab Rep.,0,1
2014,Morocco,Afghanistan,1,0
2014,Morocco,Nigeria,9,132
2014,Morocco,Somalia,0,8
2014,Morocco,Syrian Arab Rep.,647,0
2014,Rep. of Moldova,Afghanistan,18,5
2014,Rep. of Moldova,Nigeria,2,2
2014,Rep. of Moldova,Syrian Arab Rep.,186,22
2014,Madagascar,Afghanistan,1,1
2014,Madagascar,Somalia,0,1
2014,Mexico,Afghanistan,2,6
2014,Mexico,Nigeria,18,50
2014,Mexico,Somalia,0,7
2014,Mexico,Syrian Arab Rep.,13,6
2014,The former Yugoslav Republic of Macedonia,Afghanistan,1,558
2014,The former Yugoslav Republic of Macedonia,Nigeria,0,25
2014,The former Yugoslav Republic of Macedonia,Somalia,0,59
2014,The former Yugoslav Republic of Macedonia,Syrian Arab Rep.,11,654
2014,Mali,Nigeria,0,2
2014,Mali,Syrian Arab Rep.,16,1
2014,Malta,Nigeria,36,13
2014,Malta,Somalia,2270,7
2014,Malta,South Sudan,22,0
2014,Malta,Syrian Arab Rep.,1047,34
2014,Montenegro,Nigeria,1,3
2014,Montenegro,Syrian Arab Rep.,0,36
2014,Mongolia,Afghanistan,1,2
2014,Mongolia,Syrian Arab Rep.,4,0
2014,Mozambique,Afghanistan,1,1
2014,Mozambique,Somalia,89,2322
2014,Mauritania,Nigeria,2,23
2014,Mauritania,Somalia,4,0
2014,Mauritania,Syrian Arab Rep.,41,54
2014,Malawi,Somalia,45,16
2014,Malaysia,Afghanistan,184,212
2014,Malaysia,Nigeria,3,2
2014,Malaysia,Somalia,850,246
2014,Malaysia,Syrian Arab Rep.,447,530
2014,Namibia,Nigeria,0,1
2014,Namibia,Somalia,9,4
2014,Namibia,South Sudan,2,1
2014,Niger,Nigeria,30000,1
2014,Niger,Somalia,9,0
2014,Niger,Syrian Arab Rep.,6,1
2014,Nigeria,Afghanistan,5,0
2014,Nigeria,Nigeria,0,0
2014,Nigeria,Somalia,4,0
2014,Nigeria,Syrian Arab Rep.,11,17
2014,Netherlands,Afghanistan,6244,299
2014,Netherlands,Nigeria,265,105
2014,Netherlands,Somalia,18687,152
2014,Netherlands,Syrian Arab Rep.,8692,2323
2014,Norway,Afghanistan,5454,552
2014,Norway,Nigeria,181,104
2014,Norway,Somalia,8901,609
2014,Norway,South Sudan,3,3
2014,Norway,Syrian Arab Rep.,2568,828
2014,Nepal,Afghanistan,16,51
2014,Nepal,Somalia,20,1
2014,Nauru,Afghanistan,29,52
2014,Nauru,Somalia,43,26
2014,Nauru,Syrian Arab Rep.,0,5
2014,New Zealand,Afghanistan,36,1
2014,New Zealand,Nigeria,2,0
2014,New Zealand,Somalia,30,1
2014,New Zealand,Syrian Arab Rep.,48,6
2014,Oman,Syrian Arab Rep.,7,6
2014,Pakistan,Afghanistan,1504912,5460
2014,Pakistan,Nigeria,0,2
2014,Pakistan,Somalia,412,34
2014,Pakistan,Syrian Arab Rep.,16,1
2014,Panama,Afghanistan,1,8
2014,Panama,Nigeria,10,35
2014,Panama,Somalia,1,104
2014,Peru,Nigeria,12,9
2014,Peru,Somalia,2,0
2014,Peru,Syrian Arab Rep.,20,2
2014,Philippines,Afghanistan,5,0
2014,Philippines,Nigeria,0,2
2014,Philippines,Somalia,6,9
2014,Philippines,Syrian Arab Rep.,19,35
2014,Papua New Guinea,Afghanistan,27,69
2014,Papua New Guinea,Somalia,6,44
2014,Papua New Guinea,Syrian Arab Rep.,1,1
2014,Poland,Afghanistan,93,4
2014,Poland,Nigeria,11,4
2014,Poland,Somalia,59,0
2014,Poland,Syrian Arab Rep.,240,34
2014,Portugal,Afghanistan,10,2
2014,Portugal,Nigeria,22,4
2014,Portugal,Somalia,46,3
2014,Portugal,Syrian Arab Rep.,15,15
2014,Paraguay,Syrian Arab Rep.,7,9
2014,Qatar,Somalia,8,0
2014,Qatar,Syrian Arab Rep.,14,0
2014,Romania,Afghanistan,120,39
2014,Romania,Nigeria,5,6
2014,Romania,Somalia,21,3
2014,Romania,Syrian Arab Rep.,1278,114
2014,Russian Federation,Afghanistan,1104,195
2014,Russian Federation,Nigeria,1,2
2014,Russian Federation,Somalia,0,1
2014,Russian Federation,Syrian Arab Rep.,1927,413
2014,Rwanda,Afghanistan,6,1
2014,Rwanda,Somalia,3,1
2014,Saudi Arabia,Afghanistan,0,7
2014,Saudi Arabia,Somalia,21,19
2014,Saudi Arabia,Syrian Arab Rep.,18,12
2014,Sudan,Nigeria,0,3
2014,Sudan,Somalia,181,39
2014,Sudan,South Sudan,115451,0
2014,Sudan,Syrian Arab Rep.,797,238
2014,Senegal,Afghanistan,0,9
2014,Senegal,Nigeria,7,354
2014,Senegal,Somalia,1,9
2014,Senegal,Syrian Arab Rep.,0,21
2014,Sierra Leone,Nigeria,0,1
2014,Somalia,Somalia,0,0
2014,Somalia,Syrian Arab Rep.,0,63
2014,Serbia and Kosovo (S/RES/1244 (1999)),Afghanistan,0,58
2014,Serbia and Kosovo (S/RES/1244 (1999)),Nigeria,0,3
2014,Serbia and Kosovo (S/RES/1244 (1999)),Somalia,1,32
2014,Serbia and Kosovo (S/RES/1244 (1999)),Syrian Arab Rep.,1,1
2014,Serbia and Kosovo (S/RES/1244 (1999)),Syrian Arab Rep.,5,237
2014,South Sudan,Somalia,0,18
2014,South Sudan,South Sudan,0,0
2014,South Sudan,Syrian Arab Rep.,0,1
2014,Suriname,Nigeria,0,1
2014,Slovakia,Afghanistan,278,0
2014,Slovakia,Nigeria,1,0
2014,Slovakia,Somalia,185,0
2014,Slovakia,Syrian Arab Rep.,40,0
2014,Slovenia,Afghanistan,23,11
2014,Slovenia,Nigeria,2,3
2014,Slovenia,Somalia,41,0
2014,Slovenia,Syrian Arab Rep.,20,8
2014,Sweden,Afghanistan,12090,2263
2014,Sweden,Nigeria,365,376
2014,Sweden,Somalia,21189,3907
2014,Sweden,South Sudan,0,4
2014,Sweden,Syrian Arab Rep.,34285,19011
2014,Swaziland,Nigeria,1,0
2014,Swaziland,Somalia,25,29
2014,Syrian Arab Rep.,Afghanistan,1214,251
2014,Syrian Arab Rep.,Nigeria,0,4
2014,Syrian Arab Rep.,Somalia,630,8
2014,Syrian Arab Rep.,South Sudan,79,15
2014,Syrian Arab Rep.,Syrian Arab Rep.,0,0
2014,Chad,Afghanistan,1,0
2014,Chad,Nigeria,2930,15
2014,Chad,Somalia,12,24
2014,Chad,South Sudan,1,1
2014,Chad,Syrian Arab Rep.,15,4
2014,Togo,Nigeria,8,12
2014,Togo,Somalia,1,0
2014,Togo,Syrian Arab Rep.,0,6
2014,Thailand,Afghanistan,8,44
2014,Thailand,Nigeria,1,6
2014,Thailand,Somalia,72,270
2014,Thailand,Syrian Arab Rep.,82,168
2014,Tajikistan,Afghanistan,1975,122
2014,Turkmenistan,Afghanistan,19,0
2014,Trinidad and Tobago,Nigeria,1,9
2014,Trinidad and Tobago,Syrian Arab Rep.,8,12
2014,Tunisia,Somalia,81,25
2014,Tunisia,Syrian Arab Rep.,558,0
2014,Turkey,Afghanistan,4188,33108
2014,Turkey,Nigeria,6,118
2014,Turkey,Somalia,2389,1020
2014,Turkey,Syrian Arab Rep.,1557899,250
2014,United Rep. of Tanzania,Somalia,150,0
2014,Uganda,Nigeria,1,0
2014,Uganda,Somalia,17010,10995
2014,Uganda,South Sudan,157053,833
2014,Uganda,Syrian Arab Rep.,1,13
2014,Ukraine,Afghanistan,1544,2397
2014,Ukraine,Nigeria,5,79
2014,Ukraine,Somalia,118,307
2014,Ukraine,Syrian Arab Rep.,341,594
2014,Uruguay,Nigeria,10,7
2014,Uruguay,Somalia,3,0
2014,Uruguay,Syrian Arab Rep.,48,11
2014,United States of America,Afghanistan,1210,412
2014,United States of America,Nigeria,805,848
2014,United States of America,Somalia,2263,351
2014,United States of America,South Sudan,4,2
2014,United States of America,Syrian Arab Rep.,4750,2302
2014,Uzbekistan,Afghanistan,123,0
2014,Venezuela (Bolivarian Republic of),Afghanistan,4,0
2014,Venezuela (Bolivarian Republic of),Nigeria,4,15
2014,Venezuela (Bolivarian Republic of),Somalia,0,15
2014,Venezuela (Bolivarian Republic of),Syrian Arab Rep.,0,1
2014,Yemen,Nigeria,0,2
2014,Yemen,Somalia,244204,0
2014,Yemen,Syrian Arab Rep.,2276,1039
2014,South Africa,Afghanistan,10,6
2014,South Africa,Nigeria,17,5154
2014,South Africa,Somalia,40133,3360
2014,South Africa,Syrian Arab Rep.,28,37
2014,Zambia,Somalia,2314,296
2014,Zambia,Syrian Arab Rep.,2,9
2014,Zimbabwe,Somalia,13,21
2015,Afghanistan,Afghanistan,0,0
2015,Angola,Afghanistan,0,1
2015,Angola,Nigeria,0,1
2015,Angola,Somalia,288,1731
2015,Anguilla,Syrian Arab Rep.,1,0
2015,Albania,Syrian Arab Rep.,3,0
2015,United Arab Emirates,Somalia,21,0
2015,United Arab Emirates,Syrian Arab Rep.,36,109
2015,Argentina,Afghanistan,5,1
2015,Argentina,Nigeria,44,17
2015,Argentina,Somalia,5,1
2015,Argentina,Syrian Arab Rep.,276,98
2015,Armenia,Afghanistan,0,2
2015,Armenia,Nigeria,1,0
2015,Armenia,Syrian Arab Rep.,16611,12
2015,Antigua and Barbuda,Syrian Arab Rep.,15,0
2015,Australia,Afghanistan,7785,1422
2015,Australia,Nigeria,148,161
2015,Australia,Somalia,71,54
2015,Australia,South Sudan,0,12
2015,Australia,Syrian Arab Rep.,301,133
2015,Austria,Afghanistan,17458,24267
2015,Austria,Nigeria,393,1638
2015,Austria,Somalia,3406,2697
2015,Austria,South Sudan,4,14
2015,Austria,Syrian Arab Rep.,14894,18669
2015,Azerbaijan,Afghanistan,602,134
2015,Azerbaijan,Syrian Arab Rep.,8,8
2015,Burundi,Nigeria,0,0
2015,Burundi,Somalia,18,3
2015,Burundi,South Sudan,1,0
2015,Belgium,Afghanistan,2934,1643
2015,Belgium,Nigeria,37,64
2015,Belgium,Somalia,648,1228
2015,Belgium,South Sudan,2,1
2015,Belgium,Syrian Arab Rep.,4239,3870
2015,Benin,Somalia,1,0
2015,Bangladesh,Somalia,6,0
2015,Bulgaria,Afghanistan,197,3241
2015,Bulgaria,Nigeria,0,15
2015,Bulgaria,Somalia,46,17
2015,Bulgaria,Syrian Arab Rep.,13819,1683
2015,Bahrain,Somalia,0,2
2015,Bahamas,Nigeria,1,0
2015,Bosnia and Herzegovina,Syrian Arab Rep.,14,3
2015,Belarus,Afghanistan,403,5
2015,Belarus,Somalia,1,0
2015,Belarus,Syrian Arab Rep.,138,7
2015,Bolivia (Plurinational State of),Nigeria,1,0
2015,Bolivia (Plurinational State of),Syrian Arab Rep.,7,0
2015,Brazil,Afghanistan,76,43
2015,Brazil,Nigeria,100,2081
2015,Brazil,Somalia,45,246
2015,Brazil,Syrian Arab Rep.,2271,1154
2015,Botswana,Somalia,330,10
2015,Central African Rep.,South Sudan,40,0
2015,Central African Rep.,Syrian Arab Rep.,0,8
2015,Canada,Afghanistan,2890,368
2015,Canada,Nigeria,4502,623
2015,Canada,Somalia,2531,413
2015,Canada,South Sudan,0,2
2015,Canada,Syrian Arab Rep.,1513,235
2015,Switzerland,Afghanistan,4686,7243
2015,Switzerland,Nigeria,179,321
2015,Switzerland,Somalia,4334,1007
2015,Switzerland,South Sudan,3,11
2015,Switzerland,Syrian Arab Rep.,8695,4462
2015,Chile,Afghanistan,14,0
2015,Chile,Nigeria,3,0
2015,Chile,Somalia,2,0
2015,Chile,Syrian Arab Rep.,13,11
2015,China,Afghanistan,7,1
2015,China,Nigeria,0,80
2015,China,Somalia,117,47
2015,China,Syrian Arab Rep.,14,24
2015,Cote d'Ivoire,Afghanistan,2,0
2015,Cote d'Ivoire,Nigeria,19,86
2015,Cote d'Ivoire,Syrian Arab Rep.,20,8
2015,Cameroon,Nigeria,71840,22
2015,Cameroon,South Sudan,17,3
2015,Cameroon,Syrian Arab Rep.,15,8
2015,Dem. Rep. of the Congo,Nigeria,0,14
2015,Dem. Rep. of the Congo,Somalia,34,144
2015,Dem. Rep. of the Congo,South Sudan,5597,5
2015,Dem. Rep. of the Congo,Syrian Arab Rep.,7,0
2015,Congo,Nigeria,5,0
2015,Congo,Somalia,0,1
2015,Congo,South Sudan,0,13
2015,Congo,Syrian Arab Rep.,4,4
2015,Colombia,Afghanistan,3,5
2015,Colombia,Somalia,11,0
2015,Colombia,Syrian Arab Rep.,7,0
2015,Costa Rica,Afghanistan,2,0
2015,Costa Rica,Nigeria,20,3
2015,Costa Rica,Somalia,7,19
2015,Costa Rica,Syrian Arab Rep.,8,2
2015,Cuba,Afghanistan,14,23
2015,Cuba,Somalia,1,0
2015,Cuba,Syrian Arab Rep.,41,0
2015,Curacao,Syrian Arab Rep.,1,3
2015,Cayman Islands,Afghanistan,2,0
2015,Cayman Islands,Syrian Arab Rep.,2,0
2015,Cyprus,Afghanistan,7,16
2015,Cyprus,Nigeria,8,21
2015,Cyprus,Somalia,39,64
2015,Cyprus,Syrian Arab Rep.,3110,692
2015,Czech Rep.,Afghanistan,234,6
2015,Czech Rep.,Nigeria,13,9
2015,Czech Rep.,Somalia,22,0
2015,Czech Rep.,Syrian Arab Rep.,365,42
2015,Germany,Afghanistan,30026,42602
2015,Germany,Nigeria,981,9996
2015,Germany,Somalia,4860,11422
2015,Germany,South Sudan,19,72
2015,Germany,Syrian Arab Rep.,115604,81582
2015,Djibouti,Somalia,12323,40
2015,Djibouti,Syrian Arab Rep.,3,0
2015,Denmark,Afghanistan,2166,217
2015,Denmark,Nigeria,14,27
2015,Denmark,Somalia,1260,165
2015,Denmark,Syrian Arab Rep.,12988,825
2015,Dominican Rep.,Afghanistan,4,0
2015,Dominican Rep.,Nigeria,0,1
2015,Dominican Rep.,Syrian Arab Rep.,1,1
2015,Algeria,Afghanistan,2,0
2015,Algeria,Nigeria,1,5
2015,Algeria,Somalia,1,0
2015,Algeria,Syrian Arab Rep.,0,6211
2015,Ecuador,Afghanistan,112,0
2015,Ecuador,Nigeria,25,0
2015,Ecuador,Somalia,7,0
2015,Ecuador,Syrian Arab Rep.,17,0
2015,Egypt,Afghanistan,2,34
2015,Egypt,Nigeria,5,1940
2015,Egypt,Somalia,4491,3191
2015,Egypt,South Sudan,1686,2461
2015,Egypt,Syrian Arab Rep.,117635,0
2015,Eritrea,Somalia,2485,0
2015,Eritrea,South Sudan,10,0
2015,Spain,Afghanistan,194,115
2015,Spain,Nigeria,13,445
2015,Spain,Somalia,474,50
2015,Spain,Syrian Arab Rep.,1992,3280
2015,Estonia,Afghanistan,16,3
2015,Estonia,Nigeria,0,2
2015,Estonia,Somalia,4,0
2015,Estonia,Syrian Arab Rep.,6,0
2015,Ethiopia,Afghanistan,1,0
2015,Ethiopia,Nigeria,1,0
2015,Ethiopia,Somalia,256669,0
2015,Ethiopia,South Sudan,281508,439
2015,Ethiopia,Syrian Arab Rep.,9,15
2015,Finland,Afghanistan,1406,3217
2015,Finland,Nigeria,165,99
2015,Finland,Somalia,3062,1418
2015,Finland,South Sudan,2,1
2015,Finland,Syrian Arab Rep.,565,705
2015,Fiji,Afghanistan,7,1
2015,Fiji,Nigeria,1,0
2015,France,Afghanistan,4397,2110
2015,France,Nigeria,1250,1922
2015,France,Somalia,2007,1274
2015,France,South Sudan,3,7
2015,France,Syrian Arab Rep.,5179,2711
2015,Gabon,Somalia,3,0
2015,Gabon,South Sudan,0,6
2015,Gabon,Syrian Arab Rep.,2,1
2015,United Kingdom,Afghanistan,9354,2536
2015,United Kingdom,Nigeria,1679,1488
2015,United Kingdom,Somalia,6977,417
2015,United Kingdom,South Sudan,23,1
2015,United Kingdom,Syrian Arab Rep.,6496,1648
2015,Georgia,Afghanistan,3,7
2015,Georgia,Nigeria,1,25
2015,Georgia,Somalia,0,3
2015,Georgia,Syrian Arab Rep.,475,9
2015,Ghana,Nigeria,9,15
2015,Ghana,Somalia,59,28
2015,Ghana,Syrian Arab Rep.,47,49
2015,Guinea,Nigeria,8,0
2015,Guinea,Somalia,5,0
2015,Gambia,Somalia,1,0
2015,Guinea-Bissau,Nigeria,0,7
2015,Greece,Afghanistan,5223,587
2015,Greece,Nigeria,231,232
2015,Greece,Somalia,240,34
2015,Greece,South Sudan,4,1
2015,Greece,Syrian Arab Rep.,9101,448
2015,Grenada,Syrian Arab Rep.,1,0
2015,Guatemala,Afghanistan,0,1
2015,Hong Kong,Afghanistan,1,10
2015,Hong Kong,Nigeria,0,47
2015,Hong Kong,Somalia,43,33
2015,Hong Kong,Syrian Arab Rep.,0,2
2015,Croatia,Afghanistan,22,1
2015,Croatia,Nigeria,10,1
2015,Croatia,Somalia,15,0
2015,Croatia,Syrian Arab Rep.,23,4
2015,Haiti,Syrian Arab Rep.,0,1
2015,Hungary,Afghanistan,942,8469
2015,Hungary,Nigeria,39,206
2015,Hungary,Somalia,611,73
2015,Hungary,South Sudan,0,15
2015,Hungary,Syrian Arab Rep.,476,18607
2015,Indonesia,Afghanistan,2890,3782
2015,Indonesia,Nigeria,0,148
2015,Indonesia,Somalia,448,724
2015,Indonesia,Syrian Arab Rep.,61,32
2015,India,Afghanistan,10196,2728
2015,India,Nigeria,0,111
2015,India,Somalia,465,188
2015,India,Syrian Arab Rep.,41,20
2015,Ireland,Afghanistan,182,162
2015,Ireland,Nigeria,438,507
2015,Ireland,Somalia,501,31
2015,Ireland,South Sudan,0,1
2015,Ireland,Syrian Arab Rep.,109,51
2015,Iran (Islamic Rep. of),Afghanistan,951142,33
2015,Iraq,Afghanistan,9,133
2015,Iraq,Somalia,0,8
2015,Iraq,Syrian Arab Rep.,244642,0
2015,Iceland,Afghanistan,12,21
2015,Iceland,Nigeria,2,4
2015,Iceland,Somalia,7,3
2015,Iceland,Syrian Arab Rep.,37,2
2015,Israel,Nigeria,4,0
2015,Israel,South Sudan,127,0
2015,Israel,Syrian Arab Rep.,1,0
2015,Italy,Afghanistan,12203,2690
2015,Italy,Nigeria,9931,13678
2015,Italy,Somalia,13068,416
2015,Italy,South Sudan,60,0
2015,Italy,Syrian Arab Rep.,1460,246
2015,Jamaica,Syrian Arab Rep.,3,1
2015,Jordan,Afghanistan,8,9
2015,Jordan,Nigeria,1,6
2015,Jordan,Somalia,601,162
2015,Jordan,South Sudan,6,7
2015,Jordan,Syrian Arab Rep.,628223,0
2015,Japan,Afghanistan,40,14
2015,Japan,Nigeria,0,319
2015,Japan,Somalia,4,0
2015,Japan,Syrian Arab Rep.,59,0
2015,Kazakhstan,Afghanistan,644,49
2015,Kazakhstan,Syrian Arab Rep.,23,16
2015,Kenya,Afghanistan,3,0
2015,Kenya,Nigeria,2,15
2015,Kenya,Somalia,417920,993
2015,Kenya,South Sudan,95671,94
2015,Kenya,Syrian Arab Rep.,9,8
2015,Kyrgyzstan,Afghanistan,258,118
2015,Kyrgyzstan,Syrian Arab Rep.,55,12
2015,Cambodia,Somalia,1,0
2015,Cambodia,Syrian Arab Rep.,0,1
2015,Rep. of Korea,Afghanistan,32,20
2015,Rep. of Korea,Nigeria,8,269
2015,Rep. of Korea,Somalia,3,1
2015,Rep. of Korea,South Sudan,0,1
2015,Rep. of Korea,Syrian Arab Rep.,646,320
2015,Kuwait,Somalia,286,373
2015,Kuwait,Syrian Arab Rep.,14,6
2015,Lebanon,Afghanistan,20,14
2015,Lebanon,Nigeria,0,6
2015,Lebanon,Somalia,23,6
2015,Lebanon,South Sudan,49,4
2015,Lebanon,Syrian Arab Rep.,1062690,15
2015,Liberia,Somalia,2,0
2015,Liberia,South Sudan,0,2
2015,Liberia,Syrian Arab Rep.,6,3
2015,Libya,Afghanistan,0,1
2015,Libya,Nigeria,0,1
2015,Libya,Somalia,164,2168
2015,Libya,Syrian Arab Rep.,97,18591
2015,Saint Lucia,Syrian Arab Rep.,0,1
2015,Liechtenstein,Afghanistan,0,7
2015,Liechtenstein,Somalia,45,4
2015,Liechtenstein,Syrian Arab Rep.,23,1
2015,Sri Lanka,Afghanistan,124,108
2015,Sri Lanka,Somalia,1,0
2015,Sri Lanka,Syrian Arab Rep.,4,11
2015,Lithuania,Afghanistan,199,15
2015,Lithuania,Nigeria,4,0
2015,Lithuania,Somalia,22,0
2015,Lithuania,Syrian Arab Rep.,23,5
2015,Luxembourg,Afghanistan,37,222
2015,Luxembourg,Nigeria,6,49
2015,Luxembourg,Somalia,38,20
2015,Luxembourg,Syrian Arab Rep.,177,591
2015,Latvia,Afghanistan,36,33
2015,Latvia,Nigeria,2,0
2015,Latvia,Somalia,7,0
2015,Latvia,Syrian Arab Rep.,65,3
2015,Macao,Afghanistan,0,1
2015,Macao,Syrian Arab Rep.,0,1
2015,Morocco,Afghanistan,1,1
2015,Morocco,Nigeria,8,95
2015,Morocco,Somalia,0,9
2015,Morocco,Syrian Arab Rep.,2619,0
2015,Rep. of Moldova,Afghanistan,17,9
2015,Rep. of Moldova,Nigeria,1,2
2015,Rep. of Moldova,Syrian Arab Rep.,206,8
2015,Madagascar,Afghanistan,1,1
2015,Madagascar,Somalia,1,0
2015,Mexico,Afghanistan,2,6
2015,Mexico,Nigeria,22,39
2015,Mexico,Somalia,1,3
2015,Mexico,Syrian Arab Rep.,18,0
2015,The former Yugoslav Republic of Macedonia,Afghanistan,1,1
2015,The former Yugoslav Republic of Macedonia,Syrian Arab Rep.,13,3
2015,Mali,Nigeria,0,1
2015,Mali,Syrian Arab Rep.,82,9
2015,Malta,Nigeria,47,12
2015,Malta,Somalia,1865,17
2015,Malta,South Sudan,22,0
2015,Malta,Syrian Arab Rep.,1328,160
2015,Montenegro,Nigeria,1,1
2015,Montenegro,Syrian Arab Rep.,2,0
2015,Mongolia,Afghanistan,3,2
2015,Mongolia,Nigeria,0,3
2015,Mozambique,Afghanistan,1,1
2015,Mozambique,Somalia,208,2969
2015,Mauritania,Nigeria,13,83
2015,Mauritania,Somalia,5,0
2015,Mauritania,Syrian Arab Rep.,215,107
2015,Malawi,Somalia,57,15
2015,Malaysia,Afghanistan,173,336
2015,Malaysia,Nigeria,3,0
2015,Malaysia,Somalia,835,563
2015,Malaysia,South Sudan,5,0
2015,Malaysia,Syrian Arab Rep.,473,829
2015,Namibia,Nigeria,0,8
2015,Namibia,Somalia,10,6
2015,Namibia,South Sudan,2,1
2015,Niger,Nigeria,68321,11
2015,Niger,Somalia,9,0
2015,Niger,Syrian Arab Rep.,6,1
2015,Nigeria,Afghanistan,5,0
2015,Nigeria,Nigeria,0,0
2015,Nigeria,Somalia,1,0
2015,Nigeria,Syrian Arab Rep.,32,41
2015,Netherlands,Afghanistan,5803,2360
2015,Netherlands,Nigeria,299,133
2015,Netherlands,Somalia,17444,261
2015,Netherlands,Syrian Arab Rep.,16184,12718
2015,Norway,Afghanistan,5684,6076
2015,Norway,Nigeria,0,34
2015,Norway,Somalia,8600,452
2015,Norway,South Sudan,4,2
2015,Norway,Syrian Arab Rep.,4121,9128
2015,Nepal,Afghanistan,69,0
2015,Nepal,Somalia,11,0
2015,Nauru,Afghanistan,41,7
2015,Nauru,Somalia,60,4
2015,Nauru,Syrian Arab Rep.,2,4
2015,New Zealand,Afghanistan,38,7
2015,New Zealand,Nigeria,2,1
2015,New Zealand,Somalia,21,2
2015,New Zealand,Syrian Arab Rep.,52,3
2015,Oman,Syrian Arab Rep.,7,5
2015,Pakistan,Afghanistan,1560592,6358
2015,Pakistan,Somalia,375,29
2015,Pakistan,Syrian Arab Rep.,16,9
2015,Panama,Afghanistan,1,8
2015,Panama,Nigeria,10,36
2015,Panama,Somalia,1,104
2015,Peru,Nigeria,15,7
2015,Peru,Somalia,2,0
2015,Peru,Syrian Arab Rep.,29,2
2015,Philippines,Afghanistan,5,1
2015,Philippines,Nigeria,0,4
2015,Philippines,Somalia,12,17
2015,Philippines,Syrian Arab Rep.,36,40
2015,Papua New Guinea,Afghanistan,27,7
2015,Papua New Guinea,Somalia,6,5
2015,Papua New Guinea,Syrian Arab Rep.,1,1
2015,Poland,Afghanistan,93,9
2015,Poland,Nigeria,9,4
2015,Poland,Somalia,48,0
2015,Poland,Syrian Arab Rep.,445,36
2015,Portugal,Afghanistan,11,1
2015,Portugal,Nigeria,25,4
2015,Portugal,Somalia,50,0
2015,Portugal,Syrian Arab Rep.,17,28
2015,Paraguay,Afghanistan,0,1
2015,Paraguay,Syrian Arab Rep.,30,27
2015,Qatar,Somalia,8,0
2015,Qatar,Syrian Arab Rep.,14,0
2015,Romania,Afghanistan,141,41
2015,Romania,Nigeria,6,5
2015,Romania,Somalia,20,6
2015,Romania,South Sudan,0,1
2015,Romania,Syrian Arab Rep.,1591,96
2015,Russian Federation,Afghanistan,945,291
2015,Russian Federation,Nigeria,4,2
2015,Russian Federation,Syrian Arab Rep.,1304,393
2015,Rwanda,Afghanistan,1,0
2015,Rwanda,Somalia,3,1
2015,Saudi Arabia,Afghanistan,0,1
2015,Saudi Arabia,Somalia,16,0
2015,Saudi Arabia,Syrian Arab Rep.,9,0
2015,Sudan,Afghanistan,6,0
2015,Sudan,Nigeria,0,12
2015,Sudan,Somalia,147,71
2015,Sudan,South Sudan,194404,0
2015,Sudan,Syrian Arab Rep.,2692,527
2015,Senegal,Afghanistan,0,9
2015,Senegal,Nigeria,7,355
2015,Senegal,Somalia,1,9
2015,Senegal,Syrian Arab Rep.,0,21
2015,Sierra Leone,Nigeria,0,1
2015,El Salvador,Syrian Arab Rep.,5,0
2015,Somalia,Nigeria,0,2
2015,Somalia,Somalia,0,0
2015,Somalia,Syrian Arab Rep.,24,101
2015,Serbia and Kosovo (S/RES/1244 (1999)),Afghanistan,0,35
2015,Serbia and Kosovo (S/RES/1244 (1999)),Nigeria,0,10
2015,Serbia and Kosovo (S/RES/1244 (1999)),Somalia,1,24
2015,Serbia and Kosovo (S/RES/1244 (1999)),South Sudan,1,0
2015,Serbia and Kosovo (S/RES/1244 (1999)),Syrian Arab Rep.,11,0
2015,South Sudan,Somalia,2,140
2015,South Sudan,South Sudan,0,0
2015,South Sudan,Syrian Arab Rep.,2,0
2015,Slovakia,Afghanistan,279,0
2015,Slovakia,Nigeria,1,0
2015,Slovakia,Somalia,188,0
2015,Slovakia,Syrian Arab Rep.,47,0
2015,Slovenia,Afghanistan,22,16
2015,Slovenia,Nigeria,2,4
2015,Slovenia,Somalia,48,0
2015,Slovenia,Syrian Arab Rep.,30,9
2015,Sweden,Afghanistan,13064,40614
2015,Sweden,Nigeria,398,510
2015,Sweden,Somalia,21501,5728
2015,Sweden,South Sudan,0,6
2015,Sweden,Syrian Arab Rep.,52707,49286
2015,Swaziland,Nigeria,1,0
2015,Swaziland,Somalia,52,40
2015,Syrian Arab Rep.,Afghanistan,1213,274
2015,Syrian Arab Rep.,Somalia,490,13
2015,Syrian Arab Rep.,South Sudan,79,6
2015,Syrian Arab Rep.,Syrian Arab Rep.,0,0
2015,Chad,Nigeria,5689,842
2015,Chad,Somalia,12,24
2015,Chad,South Sudan,3,0
2015,Chad,Syrian Arab Rep.,6,22
2015,Togo,Nigeria,8,12
2015,Togo,Somalia,1,0
2015,Togo,Syrian Arab Rep.,4,6
2015,Thailand,Afghanistan,16,47
2015,Thailand,Nigeria,1,12
2015,Thailand,Somalia,81,414
2015,Thailand,Syrian Arab Rep.,95,245
2015,Tajikistan,Afghanistan,1950,287
2015,Turkmenistan,Afghanistan,18,0
2015,Trinidad and Tobago,Nigeria,5,1
2015,Trinidad and Tobago,Syrian Arab Rep.,22,25
2015,Tunisia,Somalia,13,5
2015,Tunisia,Syrian Arab Rep.,499,0
2015,Turkey,Afghanistan,3846,90156
2015,Turkey,Nigeria,8,116
2015,Turkey,Somalia,2364,1598
2015,Turkey,South Sudan,3,0
2015,Turkey,Syrian Arab Rep.,2503549,297
2015,United Rep. of Tanzania,Somalia,150,0
2015,Uganda,Somalia,27720,7490
2015,Uganda,South Sudan,199359,919
2015,Uganda,Syrian Arab Rep.,6,11
2015,Ukraine,Afghanistan,1520,2821
2015,Ukraine,Nigeria,5,82
2015,Ukraine,Somalia,115,371
2015,Ukraine,South Sudan,0,1
2015,Ukraine,Syrian Arab Rep.,399,566
2015,Uruguay,Nigeria,11,5
2015,Uruguay,Somalia,3,0
2015,Uruguay,Syrian Arab Rep.,58,9
2015,United States of America,Afghanistan,1361,609
2015,United States of America,Nigeria,908,1466
2015,United States of America,Somalia,2313,669
2015,United States of America,South Sudan,4,8
2015,United States of America,Syrian Arab Rep.,5651,3118
2015,Uzbekistan,Afghanistan,106,0
2015,Venezuela (Bolivarian Republic of),Afghanistan,4,0
2015,Venezuela (Bolivarian Republic of),Nigeria,4,15
2015,Venezuela (Bolivarian Republic of),Somalia,0,15
2015,Venezuela (Bolivarian Republic of),Syrian Arab Rep.,0,2
2015,Yemen,Nigeria,1,1
2015,Yemen,Somalia,253215,0
2015,Yemen,Syrian Arab Rep.,3011,615
2015,South Africa,Afghanistan,10,5
2015,South Africa,Nigeria,9,10713
2015,South Africa,Somalia,41458,4207
2015,South Africa,Syrian Arab Rep.,31,57
2015,Zambia,Afghanistan,1,0
2015,Zambia,Somalia,2403,447
2015,Zambia,Syrian Arab Rep.,6,8
2015,Zimbabwe,Somalia,22,14
2015,Zimbabwe,Syrian Arab Rep.,0,0
2016,Afghanistan,Afghanistan,0,0
2016,Angola,Afghanistan,0,*
2016,Angola,Nigeria,0,*
2016,Angola,Somalia,288,1731
2016,Anguilla,Syrian Arab Rep.,*,0
2016,Albania,Syrian Arab Rep.,*,0
2016,United Arab Emirates,Afghanistan,0,18
2016,United Arab Emirates,Somalia,17,0
2016,United Arab Emirates,Syrian Arab Rep.,119,165
2016,Argentina,Afghanistan,5,*
2016,Argentina,Nigeria,41,85
2016,Argentina,Somalia,5,*
2016,Argentina,Syrian Arab Rep.,357,53
2016,Armenia,Afghanistan,0,*
2016,Armenia,Nigeria,*,0
2016,Armenia,Syrian Arab Rep.,14626,20
2016,Antigua and Barbuda,Syrian Arab Rep.,*,0
2016,Australia,Afghanistan,9217,2077
2016,Australia,Nigeria,178,51
2016,Australia,Somalia,89,114
2016,Australia,South Sudan,6,11
2016,Australia,Syrian Arab Rep.,378,136
2016,Austria,Afghanistan,20220,29783
2016,Austria,Nigeria,402,2172
2016,Austria,Somalia,4163,3152
2016,Austria,South Sudan,*,19
2016,Austria,Syrian Arab Rep.,30958,9812
2016,Azerbaijan,Afghanistan,562,106
2016,Azerbaijan,Somalia,0,*
2016,Azerbaijan,Syrian Arab Rep.,15,8
2016,Burundi,Nigeria,0,0
2016,Burundi,Somalia,21,*
2016,Burundi,South Sudan,*,0
2016,Belgium,Afghanistan,3201,6457
2016,Belgium,Nigeria,43,64
2016,Belgium,Somalia,1280,890
2016,Belgium,South Sudan,*,*
2016,Belgium,Syrian Arab Rep.,9080,1798
2016,Benin,Nigeria,0,5
2016,Benin,Somalia,*,0
2016,Benin,Syrian Arab Rep.,0,*
2016,Bangladesh,Somalia,*,0
2016,Bulgaria,Afghanistan,170,7636
2016,Bulgaria,Nigeria,0,10
2016,Bulgaria,Somalia,49,*
2016,Bulgaria,Syrian Arab Rep.,15027,1961
2016,Bahrain,Somalia,0,*
2016,Bahamas,Nigeria,*,0
2016,Bosnia and Herzegovina,Afghanistan,0,*
2016,Bosnia and Herzegovina,Syrian Arab Rep.,15,12
2016,Belarus,Afghanistan,227,7
2016,Belarus,Somalia,*,0
2016,Belarus,Syrian Arab Rep.,77,9
2016,Bolivia (Plurinational State of),Nigeria,*,0
2016,Bolivia (Plurinational State of),Syrian Arab Rep.,13,0
2016,Brazil,Afghanistan,98,34
2016,Brazil,Nigeria,114,2358
2016,Brazil,Somalia,46,251
2016,Brazil,Syrian Arab Rep.,2591,1209
2016,Botswana,Somalia,300,10
2016,Botswana,South Sudan,*,0
2016,Central African Rep.,South Sudan,4912,*
2016,Canada,Afghanistan,3177,456
2016,Canada,Nigeria,4068,1526
2016,Canada,Somalia,2775,697
2016,Canada,South Sudan,7,*
2016,Canada,Syrian Arab Rep.,2757,380
2016,Switzerland,Afghanistan,5675,7761
2016,Switzerland,Nigeria,175,154
2016,Switzerland,Somalia,4440,1240
2016,Switzerland,South Sudan,*,12
2016,Switzerland,Syrian Arab Rep.,11159,3858
2016,Chile,Afghanistan,13,0
2016,Chile,Somalia,*,0
2016,Chile,Syrian Arab Rep.,18,15
2016,China,Afghanistan,*,20
2016,China,Nigeria,0,69
2016,China,Somalia,102,33
2016,China,South Sudan,0,*
2016,China,Syrian Arab Rep.,20,35
2016,Cote d'Ivoire,Nigeria,*,18
2016,Cote d'Ivoire,South Sudan,*,0
2016,Cote d'Ivoire,Syrian Arab Rep.,*,14
2016,Cameroon,Nigeria,88706,5
2016,Cameroon,South Sudan,10,0
2016,Cameroon,Syrian Arab Rep.,23,*
2016,Dem. Rep. of the Congo,Nigeria,0,*
2016,Dem. Rep. of the Congo,Somalia,34,184
2016,Dem. Rep. of the Congo,South Sudan,66672,8
2016,Dem. Rep. of the Congo,Syrian Arab Rep.,11,22
2016,Congo,Nigeria,6,0
2016,Congo,Somalia,0,*
2016,Congo,South Sudan,0,13
2016,Congo,Syrian Arab Rep.,*,5
2016,Colombia,Afghanistan,8,0
2016,Colombia,Somalia,11,0
2016,Colombia,Syrian Arab Rep.,8,*
2016,Costa Rica,Afghanistan,*,0
2016,Costa Rica,Nigeria,19,0
2016,Costa Rica,Somalia,7,7
2016,Costa Rica,Syrian Arab Rep.,8,6
2016,Cuba,Afghanistan,45,0
2016,Cuba,Nigeria,0,*
2016,Cuba,Somalia,*,0
2016,Cuba,Syrian Arab Rep.,39,*
2016,Curacao,Syrian Arab Rep.,*,0
2016,Cayman Islands,Afghanistan,*,0
2016,Cayman Islands,Syrian Arab Rep.,*,0
2016,Cyprus,Afghanistan,7,9
2016,Cyprus,Nigeria,9,26
2016,Cyprus,Somalia,67,206
2016,Cyprus,Syrian Arab Rep.,4263,824
2016,Czech Rep.,Afghanistan,234,16
2016,Czech Rep.,Nigeria,13,15
2016,Czech Rep.,Somalia,22,0
2016,Czech Rep.,Syrian Arab Rep.,365,17
2016,Germany,Afghanistan,46292,126522
2016,Germany,Nigeria,1121,20460
2016,Germany,Somalia,7879,15973
2016,Germany,South Sudan,21,155
2016,Germany,Syrian Arab Rep.,375122,100527
2016,Djibouti,Somalia,13021,56
2016,Djibouti,South Sudan,0,*
2016,Djibouti,Syrian Arab Rep.,13,*
2016,Denmark,Afghanistan,2364,1555
2016,Denmark,Nigeria,13,42
2016,Denmark,Somalia,1280,111
2016,Denmark,Syrian Arab Rep.,18215,409
2016,Dominican Rep.,Afghanistan,*,0
2016,Dominican Rep.,Nigeria,*,0
2016,Dominican Rep.,Syrian Arab Rep.,*,5
2016,Algeria,Afghanistan,*,0
2016,Algeria,Nigeria,*,*
2016,Algeria,Somalia,*,0
2016,Algeria,Syrian Arab Rep.,0,5329
2016,Egypt,Afghanistan,14,21
2016,Egypt,Nigeria,9,1306
2016,Egypt,Somalia,3384,3643
2016,Egypt,South Sudan,2532,3109
2016,Egypt,Syrian Arab Rep.,116013,0
2016,Eritrea,Somalia,2244,0
2016,Eritrea,South Sudan,8,0
2016,Spain,Afghanistan,235,115
2016,Spain,Nigeria,34,705
2016,Spain,Somalia,565,145
2016,Spain,South Sudan,0,5
2016,Spain,Syrian Arab Rep.,8205,1600
2016,Estonia,Afghanistan,23,0
2016,Estonia,Nigeria,*,0
2016,Estonia,Somalia,*,0
2016,Estonia,Syrian Arab Rep.,76,0
2016,Ethiopia,Afghanistan,*,0
2016,Ethiopia,Nigeria,*,*
2016,Ethiopia,Somalia,242014,79
2016,Ethiopia,South Sudan,338774,47
2016,Ethiopia,Syrian Arab Rep.,9,48
2016,Finland,Afghanistan,2216,986
2016,Finland,Nigeria,166,68
2016,Finland,Somalia,3304,503
2016,Finland,South Sudan,*,*
2016,Finland,Syrian Arab Rep.,1677,131
2016,Fiji,Afghanistan,7,0
2016,Fiji,Nigeria,*,0
2016,France,Afghanistan,7685,4180
2016,France,Nigeria,1653,1985
2016,France,Somalia,2524,1191
2016,France,South Sudan,8,0
2016,France,Syrian Arab Rep.,8991,2149
2016,Gabon,Somalia,*,0
2016,Gabon,South Sudan,0,7
2016,Gabon,Syrian Arab Rep.,*,*
2016,United Kingdom,Afghanistan,9752,2793
2016,United Kingdom,Nigeria,2003,1720
2016,United Kingdom,Somalia,5954,405
2016,United Kingdom,South Sudan,25,8
2016,United Kingdom,Syrian Arab Rep.,8269,1010
2016,Georgia,Afghanistan,*,9
2016,Georgia,Nigeria,*,31
2016,Georgia,Somalia,0,*
2016,Georgia,Syrian Arab Rep.,425,12
2016,Ghana,Nigeria,11,24
2016,Ghana,Somalia,55,49
2016,Ghana,South Sudan,*,*
2016,Ghana,Syrian Arab Rep.,8,122
2016,Guinea,Nigeria,7,*
2016,Guinea,Somalia,*,0
2016,Gambia,Somalia,*,0
2016,Guinea-Bissau,Syrian Arab Rep.,0,*
2016,Greece,Afghanistan,11440,4217
2016,Greece,Nigeria,237,380
2016,Greece,Somalia,262,80
2016,Greece,South Sudan,7,*
2016,Greece,Syrian Arab Rep.,14420,13997
2016,Grenada,Syrian Arab Rep.,*,0
2016,Hong Kong,Afghanistan,*,0
2016,Hong Kong,Somalia,27,0
2016,Croatia,Afghanistan,39,140
2016,Croatia,Nigeria,10,5
2016,Croatia,Somalia,21,0
2016,Croatia,Syrian Arab Rep.,60,132
2016,Hungary,Afghanistan,1008,1392
2016,Hungary,Nigeria,52,11
2016,Hungary,Somalia,644,18
2016,Hungary,Syrian Arab Rep.,584,864
2016,Indonesia,Afghanistan,4379,2775
2016,Indonesia,Nigeria,0,725
2016,Indonesia,Somalia,548,898
2016,Indonesia,Syrian Arab Rep.,30,38
2016,India,Afghanistan,7693,4255
2016,India,Nigeria,0,74
2016,India,Somalia,554,202
2016,India,South Sudan,*,33
2016,India,Syrian Arab Rep.,65,35
2016,Ireland,Afghanistan,222,116
2016,Ireland,Nigeria,423,411
2016,Ireland,Somalia,480,31
2016,Ireland,South Sudan,0,*
2016,Ireland,Syrian Arab Rep.,243,136
2016,Iran (Islamic Rep. of),Afghanistan,951142,7
2016,Iraq,Afghanistan,11,133
2016,Iraq,Somalia,0,8
2016,Iraq,South Sudan,*,13
2016,Iraq,Syrian Arab Rep.,230836,0
2016,Iceland,Afghanistan,12,21
2016,Iceland,Nigeria,*,*
2016,Iceland,Somalia,7,*
2016,Iceland,Syrian Arab Rep.,37,*
2016,Israel,Nigeria,*,0
2016,Israel,South Sudan,127,0
2016,Israel,Syrian Arab Rep.,*,0
2016,Italy,Afghanistan,16033,1926
2016,Italy,Nigeria,14247,22980
2016,Italy,Somalia,14336,1501
2016,Italy,South Sudan,61,5
2016,Italy,Syrian Arab Rep.,2613,548
2016,Jamaica,Syrian Arab Rep.,*,0
2016,Jordan,Afghanistan,8,9
2016,Jordan,Nigeria,0,6
2016,Jordan,Somalia,626,147
2016,Jordan,South Sudan,11,*
2016,Jordan,Syrian Arab Rep.,648836,0
2016,Japan,Afghanistan,49,0
2016,Japan,Nigeria,0,165
2016,Japan,Somalia,5,0
2016,Japan,Syrian Arab Rep.,61,0
2016,Kazakhstan,Afghanistan,599,87
2016,Kazakhstan,Syrian Arab Rep.,19,22
2016,Kenya,Afghanistan,8,0
2016,Kenya,Nigeria,*,17
2016,Kenya,Somalia,324448,2114
2016,Kenya,South Sudan,87141,1250
2016,Kenya,Syrian Arab Rep.,*,7
2016,Kyrgyzstan,Afghanistan,242,72
2016,Kyrgyzstan,Syrian Arab Rep.,66,6
2016,Cambodia,Somalia,*,0
2016,Cambodia,Syrian Arab Rep.,*,*
2016,Rep. of Korea,Afghanistan,33,8
2016,Rep. of Korea,Nigeria,8,245
2016,Rep. of Korea,Somalia,*,*
2016,Rep. of Korea,South Sudan,0,*
2016,Rep. of Korea,Syrian Arab Rep.,876,244
2016,Kuwait,Somalia,421,296
2016,Kuwait,South Sudan,0,*
2016,Kuwait,Syrian Arab Rep.,50,24
2016,Lebanon,Afghanistan,22,7
2016,Lebanon,Nigeria,0,*
2016,Lebanon,Somalia,19,*
2016,Lebanon,South Sudan,50,*
2016,Lebanon,Syrian Arab Rep.,1005503,10
2016,Liberia,Nigeria,0,9
2016,Liberia,Somalia,*,0
2016,Liberia,South Sudan,*,0
2016,Liberia,Syrian Arab Rep.,6,*
2016,Libya,Afghanistan,0,*
2016,Libya,Nigeria,0,*
2016,Libya,Somalia,164,2176
2016,Libya,Syrian Arab Rep.,142,19366
2016,Saint Lucia,Syrian Arab Rep.,*,*
2016,Liechtenstein,Afghanistan,0,7
2016,Liechtenstein,Somalia,47,9
2016,Liechtenstein,Syrian Arab Rep.,23,0
2016,Sri Lanka,Afghanistan,75,111
2016,Sri Lanka,Somalia,*,0
2016,Sri Lanka,Syrian Arab Rep.,8,6
2016,Lithuania,Afghanistan,199,15
2016,Lithuania,Nigeria,*,0
2016,Lithuania,Somalia,22,0
2016,Lithuania,Syrian Arab Rep.,23,5
2016,Luxembourg,Afghanistan,43,232
2016,Luxembourg,Nigeria,10,39
2016,Luxembourg,Somalia,44,7
2016,Luxembourg,Syrian Arab Rep.,686,334
2016,Latvia,Afghanistan,44,10
2016,Latvia,Nigeria,*,0
2016,Latvia,Somalia,7,0
2016,Latvia,Syrian Arab Rep.,143,78
2016,Macao,Syrian Arab Rep.,0,*
2016,Morocco,Afghanistan,*,0
2016,Morocco,Nigeria,8,103
2016,Morocco,Somalia,0,10
2016,Morocco,Syrian Arab Rep.,3242,0
2016,Rep. of Moldova,Afghanistan,19,8
2016,Rep. of Moldova,Nigeria,*,*
2016,Rep. of Moldova,Syrian Arab Rep.,218,10
2016,Madagascar,Afghanistan,*,*
2016,Madagascar,Somalia,0,*
2016,Mexico,Afghanistan,*,6
2016,Mexico,Nigeria,25,39
2016,Mexico,Somalia,*,*
2016,Mexico,Syrian Arab Rep.,23,0
2016,The former Yugoslav Republic of Macedonia,Afghanistan,*,*
2016,The former Yugoslav Republic of Macedonia,Nigeria,*,0
2016,The former Yugoslav Republic of Macedonia,Somalia,0,*
2016,The former Yugoslav Republic of Macedonia,Syrian Arab Rep.,13,5
2016,Mali,Syrian Arab Rep.,11,5
2016,Malta,Afghanistan,*,7
2016,Malta,Nigeria,82,10
2016,Malta,Somalia,1724,145
2016,Malta,South Sudan,22,0
2016,Malta,Syrian Arab Rep.,1668,121
2016,Montenegro,Afghanistan,0,21
2016,Montenegro,Nigeria,0,*
2016,Montenegro,Syrian Arab Rep.,10,*
2016,Mongolia,Afghanistan,*,*
2016,Mozambique,Somalia,145,1817
2016,Mozambique,South Sudan,0,*
2016,Mauritania,Afghanistan,0,7
2016,Mauritania,Nigeria,16,117
2016,Mauritania,Somalia,5,*
2016,Mauritania,Syrian Arab Rep.,417,120
2016,Mauritius,Syrian Arab Rep.,0,*
2016,Malawi,Somalia,52,26
2016,Malawi,South Sudan,*,*
2016,Malaysia,Afghanistan,252,454
2016,Malaysia,Nigeria,6,9
2016,Malaysia,Somalia,729,781
2016,Malaysia,South Sudan,*,*
2016,Malaysia,Syrian Arab Rep.,458,988
2016,Namibia,Nigeria,*,11
2016,Namibia,Somalia,9,6
2016,Namibia,South Sudan,*,0
2016,Niger,Nigeria,105501,0
2016,Niger,Somalia,9,0
2016,Niger,Syrian Arab Rep.,7,0
2016,Nigeria,Afghanistan,5,0
2016,Nigeria,Nigeria,0,0
2016,Nigeria,Somalia,*,0
2016,Nigeria,Syrian Arab Rep.,88,47
2016,Netherlands,Afghanistan,5791,1672
2016,Netherlands,Nigeria,296,123
2016,Netherlands,Somalia,16512,197
2016,Netherlands,South Sudan,0,*
2016,Netherlands,Syrian Arab Rep.,28394,987
2016,Norway,Afghanistan,6568,2453
2016,Norway,Nigeria,183,37
2016,Norway,Somalia,8379,368
2016,Norway,South Sudan,*,*
2016,Norway,Syrian Arab Rep.,11537,1085
2016,Nepal,Afghanistan,59,0
2016,Nepal,Somalia,17,9
2016,Nauru,Afghanistan,41,7
2016,Nauru,Somalia,60,*
2016,Nauru,Syrian Arab Rep.,*,*
2016,New Zealand,Afghanistan,41,5
2016,New Zealand,Nigeria,*,0
2016,New Zealand,Somalia,18,0
2016,New Zealand,Syrian Arab Rep.,61,*
2016,Oman,Syrian Arab Rep.,7,6
2016,Pakistan,Afghanistan,1352160,4447
2016,Pakistan,Somalia,214,9
2016,Pakistan,Syrian Arab Rep.,13,7
2016,Panama,Afghanistan,*,8
2016,Panama,Nigeria,10,37
2016,Panama,Somalia,*,103
2016,Peru,Nigeria,16,6
2016,Peru,Somalia,*,0
2016,Peru,Syrian Arab Rep.,32,7
2016,Philippines,Afghanistan,12,*
2016,Philippines,Nigeria,*,5
2016,Philippines,Somalia,17,21
2016,Philippines,Syrian Arab Rep.,51,40
2016,Palau,Syrian Arab Rep.,0,*
2016,Papua New Guinea,Afghanistan,28,*
2016,Papua New Guinea,Somalia,9,*
2016,Papua New Guinea,Syrian Arab Rep.,*,*
2016,Poland,Afghanistan,92,8
2016,Poland,Nigeria,9,5
2016,Poland,Somalia,46,0
2016,Poland,Syrian Arab Rep.,483,18
2016,Portugal,Afghanistan,14,11
2016,Portugal,Nigeria,27,*
2016,Portugal,Somalia,51,0
2016,Portugal,Syrian Arab Rep.,82,300
2016,Paraguay,Syrian Arab Rep.,51,21
2016,Qatar,Somalia,8,0
2016,Qatar,Syrian Arab Rep.,32,*
2016,Romania,Afghanistan,129,*
2016,Romania,Nigeria,6,0
2016,Romania,Somalia,31,5
2016,Romania,Syrian Arab Rep.,1775,21
2016,Russian Federation,Afghanistan,709,226
2016,Russian Federation,Nigeria,*,*
2016,Russian Federation,Syrian Arab Rep.,1319,383
2016,Rwanda,Afghanistan,*,0
2016,Rwanda,Somalia,*,*
2016,Rwanda,South Sudan,0,*
2016,Saudi Arabia,Afghanistan,0,*
2016,Saudi Arabia,Somalia,16,0
2016,Saudi Arabia,Syrian Arab Rep.,19,10
2016,Sudan,Afghanistan,6,0
2016,Sudan,Nigeria,0,11
2016,Sudan,Somalia,184,126
2016,Sudan,South Sudan,297168,0
2016,Sudan,Syrian Arab Rep.,6997,501
2016,Senegal,Afghanistan,8,0
2016,Senegal,Nigeria,7,361
2016,Senegal,Somalia,*,9
2016,Senegal,Syrian Arab Rep.,0,21
2016,Sierra Leone,Nigeria,0,*
2016,El Salvador,Syrian Arab Rep.,5,0
2016,Somalia,Nigeria,0,*
2016,Somalia,Somalia,0,0
2016,Somalia,Syrian Arab Rep.,145,*
2016,Serbia and Kosovo (S/RES/1244 (1999)),Afghanistan,3449,70
2016,Serbia and Kosovo (S/RES/1244 (1999)),Nigeria,0,10
2016,Serbia and Kosovo (S/RES/1244 (1999)),Somalia,*,20
2016,Serbia and Kosovo (S/RES/1244 (1999)),South Sudan,*,0
2016,Serbia and Kosovo (S/RES/1244 (1999)),Syrian Arab Rep.,747,0
2016,South Sudan,Somalia,*,160
2016,South Sudan,South Sudan,0,0
2016,South Sudan,Syrian Arab Rep.,*,*
2016,Suriname,Nigeria,0,*
2016,Slovakia,Afghanistan,287,0
2016,Slovakia,Nigeria,*,0
2016,Slovakia,Somalia,190,0
2016,Slovakia,Syrian Arab Rep.,54,0
2016,Slovenia,Afghanistan,36,93
2016,Slovenia,Nigeria,*,9
2016,Slovenia,Somalia,48,*
2016,Slovenia,Syrian Arab Rep.,118,41
2016,Sweden,Afghanistan,16558,34217
2016,Sweden,Nigeria,483,465
2016,Sweden,Somalia,22548,3890
2016,Sweden,South Sudan,*,*
2016,Sweden,Syrian Arab Rep.,96914,7085
2016,Swaziland,Nigeria,*,0
2016,Swaziland,Somalia,55,102
2016,Syrian Arab Rep.,Afghanistan,1186,280
2016,Syrian Arab Rep.,Somalia,437,13
2016,Syrian Arab Rep.,South Sudan,98,5
2016,Syrian Arab Rep.,Syrian Arab Rep.,0,0
2016,Chad,Afghanistan,*,0
2016,Chad,Nigeria,7777,819
2016,Chad,Somalia,8,*
2016,Chad,South Sudan,*,0
2016,Chad,Syrian Arab Rep.,17,9
2016,Togo,Nigeria,7,12
2016,Togo,Somalia,*,0
2016,Togo,Syrian Arab Rep.,*,8
2016,Thailand,Afghanistan,54,19
2016,Thailand,Nigeria,*,12
2016,Thailand,Somalia,156,234
2016,Thailand,Syrian Arab Rep.,268,43
2016,Tajikistan,Afghanistan,2711,431
2016,Turkmenistan,Afghanistan,19,0
2016,Trinidad and Tobago,Nigeria,*,*
2016,Trinidad and Tobago,Syrian Arab Rep.,31,35
2016,Tunisia,Somalia,13,*
2016,Tunisia,South Sudan,*,0
2016,Tunisia,Syrian Arab Rep.,504,0
2016,Turkey,Afghanistan,3423,114693
2016,Turkey,Nigeria,10,81
2016,Turkey,Somalia,2239,1224
2016,Turkey,South Sudan,*,*
2016,Turkey,Syrian Arab Rep.,2823987,180
2016,United Rep. of Tanzania,Somalia,150,0
2016,Uganda,Nigeria,*,0
2016,Uganda,Somalia,30689,8852
2016,Uganda,South Sudan,639007,948
2016,Uganda,Syrian Arab Rep.,7,12
2016,Ukraine,Afghanistan,1497,2909
2016,Ukraine,Nigeria,5,77
2016,Ukraine,Somalia,133,331
2016,Ukraine,South Sudan,*,*
2016,Ukraine,Syrian Arab Rep.,446,560
2016,Uruguay,Nigeria,13,9
2016,Uruguay,Somalia,*,0
2016,Uruguay,Syrian Arab Rep.,60,*
2016,United States of America,Afghanistan,1466,784
2016,United States of America,Nigeria,983,2535
2016,United States of America,Somalia,2319,638
2016,United States of America,South Sudan,*,12
2016,United States of America,Syrian Arab Rep.,6444,3364
2016,Uzbekistan,Afghanistan,26,0
2016,Venezuela (Bolivarian Republic of),Afghanistan,10,0
2016,Venezuela (Bolivarian Republic of),Nigeria,7,0
2016,Venezuela (Bolivarian Republic of),Syrian Arab Rep.,*,18
2016,Yemen,Nigeria,*,*
2016,Yemen,Somalia,255121,0
2016,Yemen,Syrian Arab Rep.,3249,502
2016,South Africa,Afghanistan,6,0
2016,South Africa,Nigeria,6,3446
2016,South Africa,Somalia,28695,2690
2016,South Africa,Syrian Arab Rep.,44,49
2016,Zambia,Afghanistan,*,0
2016,Zambia,Nigeria,0,*
2016,Zambia,Somalia,2595,469
2016,Zambia,Syrian Arab Rep.,5,6
2016,Zimbabwe,Somalia,24,0
2016,Zimbabwe,Syrian Arab Rep.,0,0
